:020000040800F2
:1000000000000824D92B000801290008092900084C
:100010001129000819290008212900080000000002
:100020000000000000000000000000002929000876
:10003000372900080000000045290008532900085E
:10004000292C0008292C0008292C0008292C00083C
:10005000292C0008292C0008292C0008292C00082C
:10006000292C0008292C0008292C0008292C00081C
:10007000292C0008292C0008292C0008292C00080C
:10008000292C0008292C0008292C0008292C0008FC
:10009000292C0008292C0008292C0008292C0008EC
:1000A000292C0008292C0008292C0008292C0008DC
:1000B00061290008292C0008292C0008292C000897
:1000C000292C0008292C0008292C0008292C0008BC
:1000D000292C0008292C0008292C0008292C0008AC
:1000E000292C0008292C000800000000292C0008F9
:1000F000292C0008292C0008292C0008292C00088C
:10010000292C0008292C0008292C0008292C00087B
:10011000292C0008292C0008292C0008292C00086B
:10012000292C0008292C0008292C0008292C00085B
:10013000292C0008292C0008292C0008292C00084B
:1001400000000000000000000000000000000000AF
:10015000292C0008292C0008292C0008292C00082B
:10016000292C0008292C0008292C0008292C00081B
:10017000292C0008292C0008292C00080000000068
:10018000292C0008292C0008292C0008292C0008FB
:10019000292C0008292C0008292C0008292C0008EB
:1001A000292C0008292C0008292C0008292C0008DB
:1001B000292C0008292C0008292C0008292C0008CB
:1001C000292C0008292C0008292C0008292C0008BB
:1001D000292C0008292C0008292C0008292C0008AB
:1001E000292C0008292C0008292C0008292C00089B
:1001F000292C0008292C0008292C0008292C00088B
:10020000292C0008292C0008292C0008292C00087A
:10021000292C0008292C0008292C0008292C00086A
:10022000292C0008292C0008292C000800000000B7
:10023000292C0008292C000800000000292C0008A7
:10024000292C0008292C0008292C0008292C00083A
:10025000292C0008292C0008292C0008292C00082A
:10026000292C0008292C0008292C0008292C00081A
:10027000292C0008292C0008292C00080000000067
:10028000292C0008292C0008292C00080000000057
:0802900000000000292C000809
:1002A00010B5054C237833B9044B13B10448AFF3B0
:1002B00000800123237010BDE00100240000000035
:1002C00058DC000808B5034B1BB103490348AFF3E2
:1002D000008008BD00000000E401002458DC000894
:1002E00001F0FF01102A2BDB10F0070F08D010F8E7
:1002F000013B013A8B422DD010F0070F42B3F6D1EB
:10030000F0B441EA012141EA014122F007047FF003
:1003100000070023F0E80256083C85EA010586EA5A
:10032000010685FA47F5A3FA87F586FA47F6A5FA96
:1003300087F68EB9EED1F0BC01F0FF0102F00702A2
:1003400032B110F8013B013A83EA010313B1F8D14D
:100350000020704701387047002D06BF354603382E
:10036000073815F0010F07D1013015F4807F02BF67
:10037000013015F4C03F0130F0BC0138704700BFB8
:10038000034613F8012B002AFBD1181A01387047D5
:1003900081F0004102E000BF83F0004330B54FEA36
:1003A00041044FEA430594EA050F08BF90EA020FA3
:1003B0001FBF54EA000C55EA020C7FEA645C7FEA36
:1003C000655C00F0E2804FEA5454D4EB5555B8BF59
:1003D0006D420CDD2C4480EA020281EA030382EACA
:1003E000000083EA010180EA020281EA0303362D5C
:1003F00088BF30BD11F0004F4FEA01314FF4801C2F
:100400004CEA113102D0404261EB410113F0004F40
:100410004FEA03334CEA133302D0524263EB4303F7
:1004200094EA050F00F0A780A4F10104D5F1200E95
:100430000DDB02FA0EFC22FA05F2801841F10001F0
:1004400003FA0EF2801843FA05F359410EE0A5F1C4
:1004500020050EF1200E012A03FA0EFC28BF4CF0F5
:10046000020C43FA05F3C01851EBE37101F00045AB
:1004700007D54FF0000EDCF1000C7EEB00006EEBB8
:100480000101B1F5801F1BD3B1F5001F0CD3490842
:100490005FEA30004FEA3C0C04F101044FEA445299
:1004A00012F5800F80F09A80BCF1004F08BF5FEA20
:1004B000500C50F1000041EB045141EA050130BD00
:1004C0005FEA4C0C404141EB0101013C28BFB1F512
:1004D000801FE9D291F0000F04BF01460020B1FA5D
:1004E00081F308BF2033A3F10B03B3F120020CDA30
:1004F0000C3208DD02F1140CC2F10C0201FA0CF00E
:1005000021FA02F10CE002F11402D8BFC2F1200C72
:1005100001FA02F120FA0CFCDCBF41EA0C01904028
:10052000E41AA2BF01EB0451294330BD6FEA040471
:100530001F3C1CDA0C340EDC04F11404C4F120025C
:1005400020FA04F001FA02F340EA030021FA04F36E
:1005500045EA030130BDC4F10C04C4F1200220FAC5
:1005600002F001FA04F340EA0300294630BD21FA03
:1005700004F0294630BD94F0000F83F4801306BFC9
:1005800081F480110134013D4EE77FEA645C18BFBD
:100590007FEA655C29D094EA050F08BF90EA020F54
:1005A00005D054EA000C04BF1946104630BD91EA4C
:1005B000030F1EBF0021002030BD5FEA545C05D14F
:1005C0004000494128BF41F0004130BD14F580048E
:1005D0003CBF01F5801130BD01F0004545F0FE4102
:1005E00041F470014FF0000030BD7FEA645C1ABF37
:1005F000194610467FEA655C1CBF0B46024650EA6E
:10060000013406BF52EA033591EA030F41F4002199
:1006100030BD00BF90F0000F04BF0021704730B51F
:100620004FF4806404F132044FF000054FF00001F4
:1006300050E700BF90F0000F04BF0021704730B5B5
:100640004FF4806404F1320410F0004548BF40428A
:100650004FF000013EE700BF42004FEAE2014FEADF
:1006600031014FEA02701FBF12F07F4393F07F4FBA
:1006700081F06051704732F07F4208BF704793F0BD
:100680007F4F04BF41F40021704730B54FF46074D0
:1006900001F0004521F000411CE700BF50EA0102D3
:1006A00008BF704730B54FF000050AE050EA01027C
:1006B00008BF704730B511F0004502D5404261EBEC
:1006C00041014FF4806404F132045FEA915C3FF42D
:1006D000D8AE4FF003025FEADC0C18BF03325FEACA
:1006E000DC0C18BF033202EBDC02C2F1200300FA7B
:1006F00003FC20FA02F001FA03FE40EA0E0021FAA0
:1007000002F11444BDE600BF53B94AB9002908BF3D
:1007100000281CBF4FF0FF314FF0FF3000F0C0B990
:10072000ADF1080C6DE904CE00F03EF8DDF804E010
:10073000DDE9022304B0704708B502460B4643ECDE
:10074000172BB5EEC07BF1EE10FA03D4BDE80840DC
:1007500000F00AB8B1EE477B51EC170B00F004F83B
:10076000404261EB410108BD9FED0B6B41EC170B63
:100770009FED0B5B27EE066BBCEEC66BB8EE464BEF
:10078000A4EE457BFCEEC77B16EE101A17EE900A1E
:10079000704700BFAFF30080000000000000F03D94
:1007A000000000000000F0412DE9F047089D8E4652
:1007B00004468846002B4AD18A42174662D9B2FACB
:1007C00082F64EB1C6F1200301FA06F820FA03F3CF
:1007D000B74043EA0808B4404FEA174E1FFA87FCB7
:1007E000B8FBFEF1230C0EFB118843EA084301FB22
:1007F0000CF29A4209D9FB1801F1FF3080F0EA802F
:100800009A4240F2E78002393B449A1AA3B2B2FB03
:10081000FEF00EFB102243EA024300FB0CFC9C4559
:1008200009D9FB1800F1FF3280F0D6809C4540F2D8
:10083000D3803B44023840EA0140A3EB0C03002183
:100840001DB1F3400022C5E90032BDE8F0878B42BC
:1008500005D90DB1C5E9000100210846F5E7B3FA55
:1008600083F1002946D1734502D3824200F205810B
:10087000841A6EEB030201209046002DE5D0C5E9F5
:100880000048E2E7002A00F09080B2FA82F6002EDB
:1008900040F0A4808A1A030C4FEA174E80B2BCB213
:1008A0000121B2FBFEFC0EFB1C2243EA024304FBC7
:1008B0000CF29A4207D9FB180CF1FF3802D29A4287
:1008C00000F2E080C4469B1AB3FBFEF20EFB12332B
:1008D00040EA034302FB04F49C4207D9FB1802F1EF
:1008E000FF3002D29C4200F2CA8002461B1B42EA41
:1008F0000C40A5E7C1F120068B4022FA06F71F4302
:100900000EFA01F420FA06F32EFA06FE4FEA174912
:10091000234300FA01F81FFA87FCBEFBF9F01C0C18
:1009200009FB10EE44EA0E4400FB0CFEA64502FA59
:1009300001F209D93C1900F1FF3A80F09C80A645EC
:1009400040F2998002383C44A4EB0E041FFA83FE67
:10095000B4FBF9F309FB13444EEA044403FB0CFC1B
:10096000A44508D93C1903F1FF3E80F08280A445DC
:100970007FD9023B3C4443EA0040A4EB0C04A0FBBB
:1009800002EC64457346E14662D35FD05DB1B8EBDB
:10099000030264EB090404FA06F622FA01F31E438B
:1009A000CC40C5E9006400214FE7B1FBF2FC010C2B
:1009B00041EA0E4180B240EA01423B4638463C469D
:1009C000B846BE462026B1FBF7F1A2EB080241EA89
:1009D0000C4166E7014618E710462CE7C6F12002F5
:1009E0002EFA02F3B740B14020FA02F24FEA174E56
:1009F0000A43B3FBFEF8BCB20EFB1833110C41EAFC
:100A0000034108FB04F9B04089454FEA104380B226
:100A10003ED9791808F1FF3C01D289451FD8A1EBD6
:100A20000901B1FBFEF909FB04F80EFB191192B2A2
:100A300042EA0142424529D2BA1809F1FF31C4D233
:100A40004245C2D2A9F102013A44BEE7F0459DD227
:100A5000BEEB02036CEB070C0138E14696E7A7EB0F
:100A600009094944A8F1020CB1FBFEF909FB04F89D
:100A7000DBE773467FE7504666E70846FDE63B4402
:100A8000023A33E7ACF1020C3B441CE749469CE7D1
:100A9000A1EB0901C446B1FBFEF909FB04F8C4E768
:100AA000704700BF80B592B000AFF86187ED060ACD
:100AB000C7ED050A87ED041AC7ED031A87ED022A70
:100AC000C7ED012AD7ED037AF5EE407AF1EE10FA80
:100AD0000ED1D7ED027AF5EE407AF1EE10FA07D199
:100AE000D7ED017AF5EE407AF1EE10FA00F036819A
:100AF000D7ED037A27EEA77AD7ED027A67EEA77AC9
:100B000037EE277AD7ED017A67EEA77A77EE277A64
:100B1000B0EE670A00F03CFA87ED110A97ED037A10
:100B2000D7ED117A67EE277AC7ED037A97ED027A4F
:100B3000D7ED117A67EE277AC7ED027A97ED017A41
:100B4000D7ED117A67EE277AC7ED017AFB69043396
:100B500093ED007AFB690C33D3ED007A27EE277A08
:100B6000FB69D3ED006AFB690833D3ED007A66EECA
:100B7000A77A77EE677AC7ED107AFB6993ED007A72
:100B8000FB690433D3ED007A27EE277AFB6908333B
:100B9000D3ED006AFB690C33D3ED007A66EEA77AD9
:100BA00077EE277AC7ED0F7AFB6993ED007AFB6940
:100BB000D3ED007A67EE277AB6EE007A37EEC77A81
:100BC000FB690C33D3ED006AFB690C33D3ED007A7B
:100BD00066EEA77A77EE277AC7ED0E7A97ED027A5E
:100BE000D7ED0E7A27EE277AD7ED016AD7ED0F7A87
:100BF00066EEA77A77EE677AC7ED0D7A97ED017A00
:100C0000D7ED107A27EE277AD7ED036AD7ED0E7A63
:100C100066EEA77A77EE677AC7ED0C7A97ED037ADE
:100C2000D7ED0F7A27EE277AD7ED026AD7ED107A43
:100C300066EEA77A77EE677AC7ED0B7ACD4BD3EDE8
:100C4000007AF5EEC07AF1EE10FA54DDC94B93ED5F
:100C5000007AD7ED0D7A67EE277A9FEDC77A27EEF7
:100C6000877AC64BD3ED007A77EE277AC34BC3ED74
:100C7000007AC04B93ED007AD7ED0C7A67EE277AB5
:100C80009FEDBD7A27EE877ABD4BD3ED007A77EEE4
:100C9000277ABB4BC3ED007AB64B93ED007AD7EDC4
:100CA0000B7A67EE277A9FEDB47A27EE877AB54BF9
:100CB000D3ED007A77EE277AB24BC3ED007AAF4BD3
:100CC000D3ED007A97ED067A77EE277AC7ED067AAC
:100CD000AB4BD3ED007A97ED057A77EE277AC7ED27
:100CE000057AA84BD3ED007A97ED047A77EE277A50
:100CF000C7ED047A0BE0A14B4FF000021A60A04B45
:100D00004FF000021A609F4B4FF000021A609E4B9A
:100D100093ED007AD7ED0D7A67EE277A97ED067A94
:100D200077EE277AC7ED067A974B93ED007AD7EDE9
:100D30000C7A67EE277A97ED057A77EE277AC7ED7A
:100D4000057A914B93ED007AD7ED0B7A67EE277A0F
:100D500097ED047A77EE277AC7ED047AD7ED067A15
:100D60009FED8A7A67EE877AC7ED067AD7ED057A26
:100D70009FED867A67EE877AC7ED057AD7ED047A1C
:100D80009FED827A67EE877AC7ED047AFB691B686C
:100D9000BB62FB695B687B62FB699B683B62FB69CA
:100DA00093ED007AD7ED097AF1EE676AD7ED067A0E
:100DB00066EEA76A97ED086AD7ED057A66EE277AA0
:100DC00076EEE76AFB690C3393ED006AD7ED047A9F
:100DD00066EE277A76EEE77A77EE277AFB69C3ED3F
:100DE000007AFB69043393ED007AD7ED0A6AD7EDF8
:100DF000067A66EEA76A97ED086AD7ED047A66EE82
:100E0000277A76EEA76AFB690C3393ED006AD7ED7B
:100E1000057A66EE277A76EEE77AFB69043377EE99
:100E2000277AC3ED007AFB69083393ED007AD7ED9A
:100E30000A6AD7ED057A66EEA76A97ED096AD7EDDB
:100E4000047A66EE277A76EEE76AFB690C3393ED57
:100E5000006AD7ED067A66EE277A76EEA77AFB6906
:100E6000083377EE277AC3ED007AFB690C3393EDF4
:100E7000007AD7ED0A6AD7ED047A66EEA76A97ED95
:100E8000096AD7ED057A66EE277A76EEA76A97EDBE
:100E9000086AD7ED067A66EE277A76EEE77AFB697E
:100EA0000C3377EE277AC3ED007AFB6993ED007A75
:100EB000FB69D3ED007A27EE277AFB690433D3ED83
:100EC000006AFB690433D3ED007A66EEA77A37EE49
:100ED000277AFB690833D3ED006AFB690833D3ED49
:100EE000007A66EEA77A37EE277AFB690C33D3EDEA
:100EF000006AFB690C33D3ED007A66EEA77A77EED1
:100F0000277AB0EE670A00F043F887ED110AFB6913
:100F100093ED007AD7ED117A67EE277AFB69C3ED7E
:100F2000007AFB69043393ED007AFB690433D7ED53
:100F3000117A67EE277AC3ED007AFB69083393EDE7
:100F4000007AFB690833D7ED117A67EE277AC3ED93
:100F5000007AFB690C3393ED007AFB690C33D7ED13
:100F6000117A67EE277AC3ED007A00BF4837BD4695
:100F700080BD00BFFC0100240E745A3B0002002417
:100F80000402002408020024000000240E74DA3A4F
:100F900080B487B000AF87ED010AD7ED017AB6EED5
:100FA000007A67EE877AC7ED057A7B683B6107F1C7
:100FB00010031B68FB60FB685A10124B9B1AFB6006
:100FC00007F10C031B683B6197ED047AD7ED057AB6
:100FD00027EE277AD7ED047A67EE277AB7EE087AFC
:100FE00037EE677AD7ED047A67EE277AC7ED047A91
:100FF0003B6907EE903AB0EE670A1C37BD465DF8D4
:10100000047B7047DF59375F80B400AF7C4B1B888F
:1010100007EE903AB8EE677B9FED636B27EE067B99
:10102000784B83ED007B764B5B8807EE903AB8EE09
:10103000676B9FED5F5B86EE057B724B83ED027BFA
:101040006F4B93F9043007EE903AB8EEE76B9FEDE3
:101050005A5B86EE057B6B4B83ED047B684BB3F9E3
:10106000063007EE903AB8EEE77B9FED556B37EE12
:10107000466B9FED555B86EE057B624B83ED067BF1
:101080005F4BB3F9083007EE903AB8EEE77B9FED7F
:101090004C6B37EE466B9FED4E5B86EE057B594BF6
:1010A00083ED087B564B93F90A3007EE903AB8EE81
:1010B000E76B9FED495B86EE057B524B83ED0A7B28
:1010C0004F4B93F90B3007EE903AB8EEE76B9FED7C
:1010D000445B86EE057B4B4B83ED0C7B484B9B8939
:1010E00007EE903AB8EE677BB2EE006B27EE067B18
:1010F000444B83ED0E7B424BDB8907EE903AB8EE12
:10110000676B9FED395B86EE057B3E4B83ED107B75
:101110003B4B93F9103007EE903AB8EEE76B9FED3A
:10112000225B86EE057B374B83ED127B344B93F9C4
:10113000113007EE903AB8EEE76B9FED2D5B86EE2F
:10114000057B304B83ED147B2D4BB3F9123007EE4A
:10115000903AB8EEE76B9FED185B86EE057B294B66
:1011600083ED167B264B93F9143007EE903AB8EED8
:10117000E76B9FED115B86EE057B224B83ED187BC1
:101180001F4B93F9153007EE903AB8EEE76B9FEDE1
:101190001A5B86EE057B1B4B83ED1A7B00BFBD46B9
:1011A0005DF8047B704700BF000000000000704045
:1011B000000000000000D041000000000000F042EC
:1011C000000000000000D04000000000000030419E
:1011D000000000000000C041000000000000F041DD
:1011E00000000000000040420000000000005040ED
:1011F000000000000000E04000000000000000448B
:101200000C0200242802002480B582B000AF0346FF
:101210000A46FB711346BB71002240210B4802F0C5
:10122000FFF8F91D64230122094805F083F8B91D70
:1012300064230122064805F07DF80122402103487D
:1012400002F0EEF800BF0837BD4680BD000002582E
:101250004803002480B584B000AF03463960FB71B9
:101260001346BB71FB7963F07F03DBB27B73002213
:101270004021174802F0D4F807F10D016423012240
:10128000144805F057F80346FB73FB7B002B01D095
:1012900000F036FE07F10E01642301220D4805F02F
:1012A00037FABB799AB2642339680A4805F030FAF4
:1012B0000346FB73FB7B002B01D000F021FE0122D3
:1012C0004021034802F0ACF800BF1037BD4680BD96
:1012D000000002584803002480B588B000AFB62152
:1012E0007E20FFF791FF0A2001F032FD07F108038D
:1012F000152219463120FFF7ADFF3B1D022219468A
:101300000020FFF7A7FF3B7A1AB27B7A1BB21B02C1
:101310001BB213431BB29AB23B4B1A80BB7A1AB270
:10132000FB7A1BB21B021BB213431BB29AB2364BA1
:101330005A803B7B5AB2344B1A717B7B1AB2BB7B0F
:101340001BB21B021BB213431AB22F4BDA80FB7B7A
:101350001AB23B7C1BB21B021BB213431AB22A4BBC
:101360001A817B7C5AB2284B9A72BB7C5AB2264BAC
:10137000DA72FB7C1AB23B7D1BB21B021BB2134319
:101380001BB29AB2204B9A817B7D1AB2BB7D1BB2F5
:101390001B021BB213431BB29AB21B4BDA81FB7DBB
:1013A0005AB2194B1A743B7E5AB2174B5A747B7E51
:1013B0001AB2BB7E1BB21B021BB213431AB2124BF2
:1013C0005A82FB7E5AB2104B1A753B7F5AB20E4BB3
:1013D0005A75FFF719FE00211A20FFF715FF332178
:1013E0001B20FFF711FF03211C20FFF70DFF022137
:1013F0001D20FFF709FF04211F20FFF705FF00BF95
:101400002037BD4680BD00BF0C02002480B582B0ED
:1014100000AF3B46062219460420FFF71BFFBB78AE
:101420001A047B781B0213433A7813431A46084B7D
:101430005A607B791A043B791B021343FA781343F1
:101440001A46034B1A6000BF0837BD4680BD00BF77
:10145000A002002480B487B000AF78607B6807EEFC
:10146000903AB8EE676B164B93ED007B36EE477BF8
:1014700087ED047B124B93ED027B97ED046B26EE18
:10148000077B87ED027B97ED047B27EE076B0C4B08
:1014900093ED047B26EE076B97ED027B36EE077B20
:1014A000074B83ED1C7B064BD3E91C2343EC172B26
:1014B000B0EE470B1C37BD465DF8047B704700BF9C
:1014C0002802002480B491B000AF78606E4B93ED99
:1014D000106B6D4B93ED1C7B26EE077B87ED0E7B2F
:1014E000694B93ED126B684B93ED1C7B26EE076BFB
:1014F000654B93ED1C7B26EE077B87ED0C7B624BE7
:1015000093ED146B604B93ED1C7B26EE076B5E4BEB
:1015100093ED1C7B26EE076B5B4B93ED1C7B26EE5D
:10152000077B87ED0A7B584B93ED0E6B97ED0E7B97
:1015300036EE076B97ED0C7B36EE077B97ED0A6B6B
:1015400036EE077B87ED087B4F4B93ED086B4E4BD8
:1015500093ED1C7B26EE077B87ED0E7B4A4B93EDCC
:101560000A6B494B93ED1C7B26EE076B464B93EDC4
:101570001C7B26EE077B87ED0C7B434B93ED0C6BBE
:10158000414B93ED1C7B26EE076B3F4B93ED1C7B91
:1015900026EE076B3C4B93ED1C7B26EE077B87ED1D
:1015A0000A7B7B6807EE903AB8EE676B364B93ED9B
:1015B000065B97ED0E7B35EE075B97ED0C7B35EE0A
:1015C000075B97ED0A7B35EE077B26EE077B87ED01
:1015D000067B7B6807EE903AB8EE676B7B6807EE98
:1015E000903AB8EE677B26EE077B87ED0E7B264BA5
:1015F00093ED166B244B93ED185B234B93ED1C7B03
:1016000025EE077B36EE077B87ED0C7B97ED0E6BA7
:1016100097ED0C7B26EE077B87ED0A7B7B6807EE58
:10162000903AB8EE676B7B6807EE903AB8EE677B4E
:1016300026EE076B7B6807EE903AB8EE677B26EEE6
:10164000076B114B93ED1A7B26EE077B97ED0A6B28
:1016500036EE077B87ED047B97ED086B97ED067BF5
:1016600036EE077B97ED046B36EE077B87ED027B4A
:10167000D7E9022343EC172BB0EE470B4437BD46A6
:101680005DF8047B704700BF2802002400000000C2
:1016900080B584B000AF87ED000B97ED007B9FED28
:1016A000105B87EE056B9FED101BB0EE460B0BF049
:1016B000AFFDB0EE407BB7EE006B36EE477B9FEDA3
:1016C0000C6B27EE067B87ED027BD7E9022343EC08
:1016D000172BB0EE470B1037BD4680BDAFF300802F
:1016E00000000000C0E0F840C90050C58D5BC83F55
:1016F0000000000040A5E54080B500AFFFF786FE82
:10170000104B1B681846FFF7A5FEB0EE407B0E4B52
:1017100083ED007B0B4B5B681846FFF7D3FEB0EE02
:10172000407B094B83ED027B074B93ED027BB0EED0
:10173000470BFFF7ADFFB0EE407B044B83ED007B22
:1017400000BF80BDA0020024A8020024B80200242B
:1017500080B483B000AF78604FF06043D3F8803E30
:1017600003F00103002B13D04FF06043D3F8003E89
:1017700003F00103002B0BD000E000BF4FF06043EB
:101780001B68002BF9D04FF060437A68D2B21A7010
:101790007B6818460C37BD465DF8047B7047000037
:1017A00080B586B000AF786007F1080300221A60A8
:1017B0009A80642309223949394806F0C3F8034660
:1017C000FB73FB7B002B0AD000237B737B681A46DC
:1017D00007F10803186810609B88938059E02F4B2D
:1017E0001B78592B03D12D4B5B78592B0AD0002342
:1017F0007B737B681A4607F10803186810609B88A2
:10180000938046E00023FB7500233B6109E0234AF7
:101810003B6913441A78FB7D1344FB753B69013324
:101820003B613B69072BF2DD1C4B1B7AFA7D9A4228
:101830000AD000237B737B681A4607F108031868F7
:1018400010609B88938024E0144B9B781AB2134B52
:10185000DB781BB21B021BB213431BB29BB23B8152
:101860000E4B1B791AB20D4B5B791BB21B021BB2DC
:1018700013431BB29BB27B81084BDB793B73012383
:101880007B737B681A4607F10803186810609B8811
:10189000938078681837BD4680BD00BF440500249A
:1018A0001C04002480B58EB002AF00F0FDFA01F0F8
:1018B000BDF900F071F800F081FA00F033FA00F0A1
:1018C000E7F800F095F900F03BF900F0DFF92E4859
:1018D00005F0D0FA07F1080328220021184608F085
:1018E00011FF00F075FBFFF7F7FC284B1B78DBB20C
:1018F000002B06D0254B00221A7000F04DFCFFF79C
:10190000FBFE3B461846FFF74BFF7B79002B1BD0B5
:101910003B8819467B883A7907F1080001920093C9
:101920000B461B4A282107F09BFF07F108031846C6
:10193000FEF726FD03469AB207F108014FF0FF3388
:10194000144805F071FF1AE03B8819467B883A7904
:1019500007F10800019200930B460D4A282107F079
:101960007FFF07F108031846FEF70AFD03469AB207
:1019700007F108014FF0FF33064805F055FF6420DA
:1019800001F0E6F9B1E700BFD00300244D050024C3
:1019900070DC0008B004002480B59CB000AF07F1F3
:1019A00024034C220021184608F0ACFE3B1D2022E7
:1019B0000021184608F0A6FE022001F04BFD00238E
:1019C0003B60314B9B69304A43F4404393612E4B5B
:1019D0009B6903F440433B602C4BDB6A2B4A43F08A
:1019E0000103D362294BDB6A03F001033B603B68D0
:1019F00000BF254B9B6903F40053B3F5005FF8D19A
:101A000002237B6201233B6340237B630223BB648D
:101A10000023FB6404233B653C237B650223BB65F9
:101A20000523FB6502233B660C237B660023BB6614
:101A30000023FB6607F12403184601F045FD034629
:101A4000002B01D000F05CFA3F237B600323BB60D6
:101A50000023FB6008233B6140237B614023BB6183
:101A60004FF48063FB6140233B623B1D0421184619
:101A700002F084F90346002B01D000F041FA00BFC8
:101A80007037BD4680BD00BF0048025800040058B2
:101A900080B500AF284B294A1A60274B4FF48002CB
:101AA0005A60254B00229A60234B0722DA60224BB2
:101AB0004FF000721A61204B4FF080725A611E4B3A
:101AC0004FF080629A611C4B4FF08042DA611A4BF2
:101AD00000221A62184B00225A62174B00229A62A7
:101AE000154B0022DA62144B4FF080425A63124BBE
:101AF00000229A63104B0022DA630F4B00221A6413
:101B00000D4B00225A640C4B00229A640A4B0022AF
:101B1000DA64094B00221A65074B00225A65064B0E
:101B200000229A65044804F0E1FA0346002B01D034
:101B300000F0E6F900BF80BDC00200240030014083
:101B400080B500AF284B294A1A60274B4FF480021A
:101B50005A60254B00229A60234B0722DA60224B01
:101B60004FF000721A61204B4FF080725A611E4B89
:101B70004FF080629A611C4B4FF0C042DA611A4B01
:101B800000221A62184B00225A62174B00229A62F6
:101B9000154B0022DA62144B4FF080425A63124B0D
:101BA00000229A63104B0022DA630F4B00221A6462
:101BB0000D4B00225A640C4B00229A640A4B0022FF
:101BC000DA64094B00221A65074B00225A65064B5E
:101BD00000229A65044804F089FA0346002B01D0DC
:101BE00000F08EF900BF80BD48030024003800409B
:101BF00080B588B000AF07F1100300221A605A6068
:101C00009A60DA603B1D00221A605A609A601E4B8F
:101C10004FF080421A601C4B40F21F325A601A4B40
:101C200000229A60184B40F2E732DA60164B00222D
:101C30001A61154B00229A61134805F0C4F8034657
:101C4000002B01D000F05CF94FF480533B6107F1A9
:101C5000100319460C4805F08DFA0346002B01D0FD
:101C600000F04EF900237B600023FB603B1D19460A
:101C7000054805F0DDFC0346002B01D000F040F9DB
:101C800000BF2037BD4680BDD003002480B500AF23
:101C9000224B234A1A60214B4FF4E1325A601F4B0A
:101CA00000229A601D4B0022DA601C4B00221A6150
:101CB0001A4B0C225A61194B00229A61174B0022D1
:101CC000DA61164B00221A62144B00225A62134B3F
:101CD00000229A62114805F057FD0346002B01D0FF
:101CE00000F00EF900210D4806F0B5FE0346002B6A
:101CF00001D000F005F90021084806F0EAFE03468D
:101D0000002B01D000F0FCF8044806F06BFE0346FF
:101D1000002B01D000F0F4F800BF80BD1C040024AB
:101D20000010014080B500AF224B234A1A60214BBE
:101D30004FF4E1325A601F4B00229A601D4B002283
:101D4000DA601C4B00221A611A4B0C225A61194BA3
:101D500000229A61174B0022DA61164B00221A62A8
:101D6000144B00225A62134B00229A62114805F06C
:101D70000BFD0346002B01D000F0C2F800210D48F6
:101D800006F069FE0346002B01D000F0B9F80021EF
:101D9000084806F09EFE0346002B01D000F0B0F884
:101DA000044806F01FFE0346002B01D000F0A8F8FF
:101DB00000BF80BDB00400240044004080B588B05E
:101DC00000AF07F10C0300221A605A609A60DA60D3
:101DD0001A611A4BD3F8E030184A43F00103C2F8F5
:101DE000E030164BD3F8E03003F00103BB60BB6872
:101DF000124BD3F8E030114A43F00203C2F8E0304E
:101E00000E4BD3F8E03003F002037B607B680022C6
:101E100060210B4801F004FB6023FB6001233B6160
:101E200000237B610023BB6107F10C0319460448C2
:101E300001F046F900BF2037BD4680BD004402587E
:101E40000000025880B483B000AF78607B68064A17
:101E5000934202D1054B01221A7000BF0C37BD46D8
:101E60005DF8047B704700BFD00300244D050024BB
:101E700080B586B000AFF860B9607A6000237B61FE
:101E800009E0BB685A1CBA601B781846FFF760FC73
:101E90007B6901337B617A697B689A42F1DB7B68FD
:101EA00018461837BD4680BD80B584B000AF3B46AC
:101EB00000221A605A609A60DA6001F089F8012302
:101EC0003B7000237B7000237B601F233B728723C2
:101ED0007B720023BB720023FB7201233B7301233F
:101EE0007B730023BB730023FB733B46184601F052
:101EF000A7F8042001F084F800BF1037BD4680BD6C
:101F000080B400AF72B600BF00BFFDE780B582B0FD
:101F100000AF03460A46FB711346BB710022202125
:101F20000B4801F07DFAF91D64230122094804F0F1
:101F300001FAB91D64230122064804F0FBF90122CD
:101F40002021034801F06CFA00BF0837BD4680BD70
:101F500000000258C002002480B584B000AF0346E0
:101F60003960FB711346BB71FB7963F07F03DBB211
:101F7000BB7300222021144801F052FA07F10E0130
:101F800064230122114804F0D5F90346FB73FB7B5F
:101F9000002B01D0FFF7B4FFBB799AB264233968F4
:101FA0000A4804F0B5FB0346FB73FB7B002B01D012
:101FB000FFF7A6FF01222021034801F031FA00BFFC
:101FC0001037BD4680BD00BF00000258C00200248B
:101FD00080B500AF05211A20FFF798FF10211C20C3
:101FE000FFF794FF08211B20FFF790FF40F2DC5021
:101FF00000F014F8084B4FF07E521A60064B4FF079
:1020000000025A60044B4FF000029A60024B4FF0FE
:102010000002DA6000BF80BDA005002480B586B054
:1020200000AF0346FB8000237B6100233B6100235C
:10203000FB60FB88002B01D10123FB8000237B8107
:102040001CE000F055F8284BDB881BB21A467B6970
:1020500013447B61244B1B891BB21A463B69134412
:102060003B61214B5B891BB21A46FB681344FB6042
:10207000032000F06DFE7B8901337B817A89FB8828
:102080009A42DED37B6907EE903AF8EEE76AFB8866
:1020900007EE903AB8EE677AC6EE877A134BC3ED37
:1020A000007A3B6907EE903AF8EEE76AFB8807EEA4
:1020B000903AB8EE677AC6EE877A0C4BC3ED017A98
:1020C000FB6807EE903AF8EEE76AFB8807EE903A75
:1020D000B8EE677AC6EE877A044BC3ED027A00BF8A
:1020E0001837BD4680BD00BF50050024640500249C
:1020F00080B582B000AF3B46062219463B20FFF771
:102100002BFF3B781BB21B021AB27B781BB2134326
:102110001AB21F4B1A80BB781BB21B021AB2FB7893
:102120001BB213431AB21A4B5A803B791BB21B02E3
:102130001AB27B791BB213431AB2154B9A803B46F5
:10214000062219464320FFF707FF3B781BB21B020C
:102150001AB27B781BB213431AB20D4BDA80BB78EC
:102160001BB21B021AB2FB781BB213431AB2084B04
:102170001A813B791BB21B021AB27B791BB2134343
:102180001AB2034B5A8100BF0837BD4680BD00BF5D
:10219000500500240000000080B584B000AFFFF7B8
:1021A000A7FFC34B1B881BB207EE903AF8EEE77A05
:1021B000B7EEE76A9FEDB25B86EE057B9FEDB26BF3
:1021C00027EE067BF7EEC77BBA4BC3ED037AB84B1D
:1021D0005B881BB207EE903AF8EEE77AB7EEE76A53
:1021E0009FEDA75B86EE057B9FEDA76B27EE067B39
:1021F000F7EEC77BAF4BC3ED047AAD4B9B881BB2A8
:1022000007EE903AF8EEE77AB7EEE76A9FED9C5B4F
:1022100086EE057B9FED9C6B27EE067BF7EEC77B7A
:10222000A44BC3ED057AA24BDB881BB207EE903AB4
:10223000B8EEE77A9F4BD3ED007A77EE677AB7EE88
:10224000E76A9FED935B86EE057B9FED936B27EE30
:10225000066B9FED935B86EE057BF7EEC77B954B98
:10226000C3ED067A924B1B891BB207EE903AB8EE8B
:10227000E77A904BD3ED017A77EE677AB7EEE76AAB
:102280009FED835B86EE057B9FED836B27EE066BF0
:102290009FED835B86EE057BF7EEC77B854BC3ED39
:1022A000077A834B5B891BB207EE903AB8EEE77A68
:1022B000804BD3ED027A77EE677AB7EEE76A9FED4F
:1022C000745B86EE057B9FED746B27EE066B9FEDCE
:1022D000745B86EE057BF7EEC77B764BC3ED087A21
:1022E000744BD3ED067A734B93ED077A714BD3EDB4
:1022F000086A704B93ED036A6E4BD3ED045A6D4B35
:1023000093ED055AF0EE452AB0EE652AF0EE461A36
:10231000B0EE661AF0EE470AB0EE670A6648FEF7BE
:10232000C1FB654B93ED017A634BD3ED037A27EE46
:10233000277A614BD3ED006A5F4BD3ED027A66EEEC
:10234000A77A77EE677AB8EE007A67EE877AB0EE12
:10235000670A0AF0FBFE87ED030A574B93ED007AFC
:10236000554BD3ED017A27EE277A534BD3ED026A12
:10237000514BD3ED037A66EEA77A77EE277A37EEE4
:10238000A76A4D4B93ED007A4B4BD3ED007A27EEC5
:10239000277A494BD3ED036A474BD3ED037A66EEB8
:1023A000A77A77EE277A77EEA77AB7EE007A77EEFC
:1023B000C77AF0EE670AB0EE460A0AF0F3FE87ED40
:1023C000020A3D4B93ED007A3B4BD3ED037A27EEA7
:1023D000277A394BD3ED016A374BD3ED027A66EE9B
:1023E000A77A77EE277A37EEA76A334B93ED007A18
:1023F000314BD3ED007A27EE277A2F4BD3ED016ACC
:102400002D4BD3ED017A66EEA77A77EE277A77EE39
:10241000A77AB7EE007A77EEC77AF0EE670AB0EEE9
:10242000460A0AF0BFFE87ED010AD7ED037AB7EE40
:10243000E77A9FED1D6B27EE067BF7EEC77B1F4B00
:10244000C3ED017AD7ED027AB7EEE77A9FED166B0E
:1024500027EE067BF7EEC77B184BC3ED007AD7ED6E
:10246000017AB7EEE77A9FED106B27EE067BF7EE69
:10247000C77B124BC3ED027A00BF1037BD4680BD4B
:10248000000000000000B0401F85EB51B89E2340C3
:102490000000000000605040182D4454FB2109400A
:1024A0000000000000806640F8C1631ADCA54C40C3
:1024B0005005002464050024A00500249405002490
:1024C00080B483B000AF0A4BD3F8F430084A43F02D
:1024D0000203C2F8F430064BD3F8F43003F00203E1
:1024E0007B607B6800BF0C37BD465DF8047B70479E
:1024F0000044025880B5BEB000AF786007F1E40335
:1025000000221A605A609A60DA601A6107F12003AB
:10251000C0220021184608F0F5F87B681B68714A54
:1025200093426AD14FF480524FF00003C7E9082369
:102530000023C7F8803007F12003184601F0AAFFF6
:102540000346002B01D0FFF7DBFC674BD3F8F030DC
:10255000654A43F48053C2F8F030634BD3F8F0304F
:1025600003F48053FB61FB695F4BD3F8E0305E4AB4
:1025700043F00103C2F8E0305B4BD3F8E03003F0E6
:102580000103BB61BB69584BD3F8E030564A43F0B6
:102590000203C2F8E030544BD3F8E03003F00203FA
:1025A0007B617B698023C7F8E4300223C7F8E830F9
:1025B0000023C7F8EC300023C7F8F0300523C7F834
:1025C000F43007F1E4031946484800F079FD182378
:1025D000C7F8E4300223C7F8E8300023C7F8EC302E
:1025E0000023C7F8F0300523C7F8F43007F1E403FF
:1025F00019463F4800F064FD70E07B681B683D4A67
:1026000093426BD14FF480524FF00003C7E9082387
:102610000023C7F8803007F12003184601F03AFF85
:102620000346002B01D0FFF76BFC2F4BD3F8E830AB
:102630002D4A43F48043C2F8E8302B4BD3F8E830FE
:1026400003F480433B613B69274BD3F8E030264AD3
:1026500043F00203C2F8E030234BD3F8E03003F03C
:102660000203FB60FB68204BD3F8E0301E4A43F0C6
:102670000103C2F8E0301C4BD3F8E03003F0010353
:10268000BB60BB684FF44043C7F8E4300223C7F88F
:10269000E8300023C7F8EC300023C7F8F0300523FA
:1026A000C7F8F43007F1E4031946114800F008FDBB
:1026B0004FF40073C7F8E4300223C7F8E830002372
:1026C000C7F8EC300023C7F8F0300523C7F8F43022
:1026D00007F1E4031946054800F0F2FC00BFF837A3
:1026E000BD4680BD00300140004402580000025841
:1026F000000402580038004080B584B000AF786014
:102700007B681B68B3F1804F16D10D4BD3F8E830CE
:102710000B4A43F00103C2F8E830094BD3F8E83024
:1027200003F00103FB60FB68002200211C2000F085
:102730001AFC1C2000F031FC00BF1037BD4680BDE4
:102740000044025880B5BEB000AF786007F1E403E2
:1027500000221A605A609A60DA601A6107F1200359
:10276000C0220021184607F0CDFF7B681B685F4A36
:1027700093426BD14FF001024FF00003C7E90823E9
:102780000023C7F89C3007F12003184601F082FEB1
:102790000346002B01D0FFF7B3FB554BD3F8F030C5
:1027A000534A43F01003C2F8F030514BD3F8F030E5
:1027B00003F01003FB61FB694D4BD3F8E0304C4A4A
:1027C00043F00103C2F8E030494BD3F8E03003F0A6
:1027D0000103BB61BB69464BD3F8E030444A43F088
:1027E0000203C2F8E030424BD3F8E03003F00203BA
:1027F0007B617B694FF48063C7F8E4300223C7F83C
:10280000E8300023C7F8EC300023C7F8F030072386
:10281000C7F8F43007F1E4031946364800F050FCDD
:102820004023C7F8E4300223C7F8E8300023C7F894
:10283000EC300023C7F8F0300723C7F8F43007F175
:10284000E40319462C4800F03BFC4AE07B681B6817
:102850002A4A934245D14FF002024FF00003C7E9E4
:1028600008230023C7F8983007F12003184601F029
:1028700011FE0346002B01D0FFF742FB1C4BD3F89F
:10288000E8301B4A43F40033C2F8E830184BD3F861
:10289000E83003F400333B613B69154BD3F8E0307B
:1028A000134A43F00103C2F8E030114BD3F8E03093
:1028B00003F00103FB60FB680C23C7F8E43002233C
:1028C000C7F8E8300023C7F8EC300023C7F8F03031
:1028D0000723C7F8F43007F1E4031946054800F070
:1028E000EFFB00BFF837BD4680BD00BF00100140C0
:1028F00000440258000002580004025800440040FE
:1029000080B400AF00BFFDE780B400AF00BFFDE7BB
:1029100080B400AF00BFFDE780B400AF00BFFDE7AB
:1029200080B400AF00BFFDE780B400AF00BFBD467C
:102930005DF8047B704780B400AF00BFBD465DF812
:10294000047B704780B400AF00BFBD465DF8047BD8
:10295000704780B500AF00F0DBF900BF80BD00001C
:1029600080B500AF024804F0FDFA00BF80BD00BF93
:10297000D003002480B400AF01231846BD465DF8A3
:10298000047B704780B582B000AF7860396007F093
:10299000D3FE034616221A604FF0FF33184608375D
:1029A000BD4680BD80B582B000AF78604FF0FF318A
:1029B0007868FFF7E7FF00BFFDE780B586B000AF9E
:1029C000F860B9607A6000237B610AE0AFF30080B1
:1029D0000146BB685A1CBA60CAB21A707B690133DF
:1029E0007B617A697B689A42F0DB7B68184618370E
:1029F000BD4680BD80B483B000AF78604FF0FF3338
:102A000018460C37BD465DF8047B704780B483B030
:102A100000AF786039603B684FF400525A60002381
:102A200018460C37BD465DF8047B704780B483B010
:102A300000AF7860012318460C37BD465DF8047B73
:102A4000704780B485B000AFF860B9607A60002349
:102A500018461437BD465DF8047B704780B586B0D4
:102A600000AF7860144A154BD31A7B617B693B61D8
:102A7000134B1B68002B02D1114B124A1A60104BEA
:102A80001A687B6813443A699A4207D207F054FEE9
:102A900003460C221A604FF0FF3309E0084B1B6815
:102AA000FB60074B1A687B681344054A1360FB6898
:102AB00018461837BD4680BD0000082400040000F9
:102AC000B00500240807002480B400AF374BD3F8CA
:102AD0008830364A43F47003C2F88830344B1B68A0
:102AE00003F00F03062B07D8314B1B6823F00F03AD
:102AF0002F4A43F0070313602E4B1B682D4A43F007
:102B0000010313602B4B00221A612A4B1A682949D2
:102B1000294B13400B60264B1B6803F00803002B66
:102B200007D0234B1B6823F00F03214A43F0070310
:102B30001360204B00229A611E4B0022DA611D4B6C
:102B400000221A621B4B1D4A9A621A4B1C4ADA6217
:102B5000184B1C4A1A63174B00225A63154B194A2B
:102B60009A63144B0022DA63124B164A1A64114B13
:102B700000225A640F4B1B680E4A23F48023136013
:102B80000C4B00221A66104B1A68104B1340B3F11D
:102B9000005F02D20E4B01221A600E4B43F2D202AA
:102BA0001A6000BFBD465DF8047B704700ED00E091
:102BB00000200052004402587FEDF6EA00020202B3
:102BC0000000FF01800201010010005C0000FFFF17
:102BD0000881005100400052DFF834D0FFF774FF45
:102BE0000C480D490D4A002302E0D458C450043368
:102BF000C4188C42F9D30A4A0A4C002301E013603E
:102C00000432A242FBD307F09DFDFEF74BFE704756
:102C10000000082400000024DC010024E0F9000882
:102C2000E001002404070024FEE7000080B582B024
:102C300000AF032000F08CF901F056FA0246154B64
:102C40009B691B0A03F00F031349CB5C03F01F03BE
:102C500022FA03F37B600F4B9B6903F00F030E4ACC
:102C6000D35C03F01F037A6822FA03F30B4A136064
:102C70000B4A7B6813600F2000F014F80346002B0A
:102C800001D0012302E0FFF71BFC002318460837A0
:102C9000BD4680BD0044025880DC000808000024C6
:102CA0000400002480B582B000AF7860154B1B781B
:102CB000002B01D1012321E0134B1A68114B1B7823
:102CC00019464FF47A73B3FBF1F3B2FBF3F31846F2
:102CD00000F071F90346002B01D001230EE07B6860
:102CE0000F2B0AD8002279684FF0FF3000F03BF933
:102CF000064A7B681360002300E00123184608376A
:102D0000BD4680BD10000024040000240C000024F7
:102D100080B400AF064B1B781A46064B1B68134461
:102D2000044A136000BFBD465DF8047B704700BFD6
:102D300010000024B405002480B400AF034B1B68CE
:102D40001846BD465DF8047B704700BFB4050024FB
:102D500080B584B000AF7860FFF7EEFFB8607B68A5
:102D6000FB60FB68B3F1FF3F05D00A4B1B781A46A6
:102D7000FB681344FB6000BFFFF7DEFF0246BB6841
:102D8000D31AFA689A42F7D800BF00BF1037BD4681
:102D900080BD00BF1000002480B400AF034B1B684F
:102DA0001B0C1846BD465DF8047B70470010005CA4
:102DB00080B485B000AF78607B6803F00703FB60E8
:102DC0000B4BDB68BB60BA684FF6FF031340BB6078
:102DD000FB681A02BB681A43064B1343BB60044AE4
:102DE000BB68D36000BF1437BD465DF8047B7047F5
:102DF00000ED00E00000FA0580B400AF044BDB6892
:102E00001B0A03F007031846BD465DF8047B7047B4
:102E100000ED00E080B483B000AF0346FB80B7F95B
:102E20000630002B0BDBFB8803F01F020749B7F9C4
:102E300006305B09012000FA02F241F8232000BFAE
:102E40000C37BD465DF8047B704700BF00E100E031
:102E500080B483B000AF03463960FB80B7F9063019
:102E6000002B0ADB3B68DAB20C49B7F906301201D5
:102E7000D2B20B4483F800230AE03B68DAB2084977
:102E8000FB8803F00F03043B1201D2B20B441A7605
:102E900000BF0C37BD465DF8047B704700E100E0E1
:102EA00000ED00E080B489B000AFF860B9607A60EE
:102EB000FB6803F00703FB61FB69C3F10703042B05
:102EC00028BF0423BB61FB690433062B02D9FB69CD
:102ED000033B00E000237B614FF0FF32BB6902FA45
:102EE00003F3DA43BB681A407B699A404FF0FF3125
:102EF0007B6901FA03F3D9437B680B4013431846FF
:102F00002437BD465DF8047B7047000080B582B071
:102F100000AF78607B68013BB3F1807F01D3012370
:102F20000FE00A4A7B68013B53600F214FF0FF30EE
:102F3000FFF78EFF054B00229A60044B07221A60B0
:102F4000002318460837BD4680BD00BF10E000E0F2
:102F500080B582B000AF78607868FFF729FF00BFC6
:102F60000837BD4680BD80B586B000AF0346B96066
:102F70007A60FB81FFF740FF78617A68B968786909
:102F8000FFF790FF0246B7F90E3011461846FFF7DB
:102F90005FFF00BF1837BD4680BD80B582B000AF6F
:102FA0000346FB80B7F906301846FFF733FF00BF32
:102FB0000837BD4680BD80B582B000AF78607868C4
:102FC000FFF7A4FF034618460837BD4680BD000042
:102FD00080B400AFBFF35F8F00BF074B5B6A064A48
:102FE00023F480335362054B00225A6000BFBD4674
:102FF0005DF8047B704700BF00ED00E090ED00E05D
:1030000080B483B000AF78600B4A7B6843F0010363
:1030100053600A4B5B6A094A43F480335362BFF33F
:103020004F8F00BFBFF36F8F00BF00BF0C37BD468F
:103030005DF8047B704700BF90ED00E000ED00E01C
:1030400080B483B000AF78607B685A781B4B9A607D
:103050001A4B1B69194A23F001031361174A7B6855
:103060005B68D3607B681B7B1A077B68DB7A1B0677
:103070001A437B689B7ADB041A437B685B7B9B0467
:103080001A437B689B7B5B041A437B68DB7B1B04D6
:103090001A437B685B7A1B021A437B681B7A5B00CE
:1030A00013437A6812781146044A0B43136100BF38
:1030B0000C37BD465DF8047B704700BF90ED00E023
:1030C00080B489B000AF786039600023FB61894B20
:1030D0007B6194E13B681A680121FB6901FA03F303
:1030E00013403B613B69002B00F086813B685B68C5
:1030F00003F00303012B05D03B685B6803F0030377
:10310000022B30D17B689B68BB61FB695B000322AB
:1031100002FA03F3DB43BA691340BB613B68DA6828
:10312000FB695B0002FA03F3BA691343BB617B6876
:10313000BA699A607B685B68BB610122FB6902FA2D
:1031400003F3DB43BA691340BB613B685B681B094F
:1031500003F00102FB6902FA03F3BA691343BB618E
:103160007B68BA695A603B685B6803F00303032B12
:1031700017D07B68DB68BB61FB695B00032202FA46
:1031800003F3DB43BA691340BB613B689A68FB6990
:103190005B0002FA03F3BA691343BB617B68BA6947
:1031A000DA603B685B6803F00303022B23D1FB6901
:1031B000DA087B68083253F82230BB61FB6903F000
:1031C00007039B000F2202FA03F3DB43BA691340A3
:1031D000BB613B681A69FB6903F007039B0002FAB5
:1031E00003F3BA691343BB61FB69DA087B680832F1
:1031F000B96943F822107B681B68BB61FB695B00FF
:10320000032202FA03F3DB43BA691340BB613B6854
:103210005B6803F00302FB695B0002FA03F3BA691F
:103220001343BB617B68BA691A603B685B6803F44F
:103230004033002B00F0E0802F4BD3F8F4302E4ABF
:1032400043F00203C2F8F4302B4BD3F8F43003F010
:103250000203FB60FB68294AFB699B08023352F8B2
:103260002330BB61FB6903F003039B000F2202FACA
:1032700003F3DB43BA691340BB617B68204A934286
:1032800052D07B681F4A934231D07B681E4A9342DA
:103290002BD07B681D4A934225D07B681C4A934201
:1032A0001FD07B681B4A934219D07B681A4A93420D
:1032B00013D07B68194A93420DD07B68184A934219
:1032C00007D07B68174A934201D109232DE00A23D6
:1032D0002BE0082329E0072327E0062325E0052328
:1032E00023E0042321E003231FE002231DE0012348
:1032F0001BE000BF80000058004402580004005842
:10330000000002580004025800080258000C02583D
:10331000001002580014025800180258001C0258ED
:1033200000200258002402580023FA6902F0030228
:1033300092009340BA691343BB613849FB699B080B
:103340000233BA6941F823204FF0B0431B68BB61D8
:103350003B69DB43BA691340BB613B685B6803F4BC
:103360008013002B03D0BA693B691343BB614FF054
:10337000B042BB6913604FF0B0435B68BB613B690F
:10338000DB43BA691340BB613B685B6803F400131D
:10339000002B03D0BA693B691343BB614FF0B042C5
:1033A000BB6953607B695B68BB613B69DB43BA699E
:1033B0001340BB613B685B6803F40033002B03D010
:1033C000BA693B691343BB617B69BA695A607B691F
:1033D0001B68BB613B69DB43BA691340BB613B6857
:1033E0005B6803F48033002B03D0BA693B69134355
:1033F000BB617B69BA691A60FB690133FB613B6899
:103400001A68FB6922FA03F3002B7FF463AE00BF56
:1034100000BF2437BD465DF8047B704700040058A8
:1034200080B483B000AF78600B467B8013467B701E
:103430007B78002B03D07A887B689A6103E07B88D5
:103440001A047B689A6100BF0C37BD465DF8047BA7
:103450007047000080B584B000AF7860194BDB681E
:1034600003F00403042B0AD0164BDB6803F00703B8
:103470007A689A4201D001231FE000231DE0114B1E
:10348000DB6823F007020F497B681343CB60FFF72B
:1034900053FCF86009E0FFF74FFC0246FB68D31AC3
:1034A000B3F57A7F01D9012307E0064B5B6803F48B
:1034B0000053B3F5005FEED1002318461037BD4628
:1034C00080BD00BF0048025880B58CB000AF786066
:1034D0007B68002B02D1012300F048BC7B681B688D
:1034E00003F00103002B00F08880994B1B6903F067
:1034F0003803FB62964B9B6ABB62FB6A102B07D0BA
:10350000FB6A182B11D1BB6A03F00303022B0CD109
:103510008F4B1B6803F40033002B6DD07B685B6816
:10352000002B69D1012300F021BC7B685B68B3F5F7
:10353000803F06D1864B1B68854A43F48033136075
:103540002EE07B685B68002B0CD1814B1B68804AA6
:1035500023F4803313607E4B1B687D4A23F4802361
:1035600013601DE07B685B68B3F5A02F0CD1784B2E
:103570001B68774A43F480231360754B1B68744AB9
:1035800043F4803313600BE0714B1B68704A23F4E3
:10359000803313606E4B1B686D4A23F480231360E5
:1035A0007B685B68002B13D0FFF7C6FB786208E0EE
:1035B000FFF7C2FB02467B6AD31A642B01D90323AF
:1035C000D4E3634B1B6803F40033002BF0D014E00A
:1035D000FFF7B2FB786208E0FFF7AEFB02467B6ABA
:1035E000D31A642B01D90323C0E3594B1B6803F49E
:1035F0000033002BF0D100E000BF7B681B6803F0B4
:103600000203002B00F0CA80514B1B6903F0380302
:103610003B624F4B9B6AFB613B6A002B07D03B6AC6
:10362000182B56D1FB6903F00303002B51D1484BF3
:103630001B6803F00403002B05D07B68DB68002BBC
:1036400001D1012392E3424B1B6823F019027B68EE
:10365000DB683F4913430B60FFF76EFB786208E0BD
:10366000FFF76AFB02467B6AD31A022B01D90323B8
:103670007CE3374B1B6803F00403002BF0D0FFF70B
:103680008BFB034641F20302934217D87B681B6908
:10369000402B08D12E4B5B6823F47C332C4A43F437
:1036A000003353607AE02A4B5B6823F47C327B68FA
:1036B0001B691B03264913434B606FE0244B5B6877
:1036C00023F0FE427B681B691B06214913434B60B4
:1036D00064E07B68DB68002B47D01D4B1B6823F040
:1036E00019027B68DB681A4913430B60FFF724FB60
:1036F000786208E0FFF720FB02467B6AD31A022BB0
:1037000001D9032332E3124B1B6803F00403002B9F
:10371000F0D0FFF741FB034641F20302934219D870
:103720007B681B69402B08D1094B5B6823F47C3311
:10373000074A43F40033536030E0054B5B6823F4E1
:103740007C327B681B691B03014913434B6025E0F6
:10375000004402589A4B5B6823F0FE427B681B6969
:103760001B06974913434B6018E0954B1B68944A1E
:1037700023F001031360FFF7DFFA786208E0FFF738
:10378000DBFA02467B6AD31A022B01D90323EDE24E
:103790008B4B1B6803F00403002BF0D17B681B6884
:1037A00003F01003002B00F0A980854B1B6903F088
:1037B0003803BB61824B9B6A7B61BB69082B07D0D6
:1037C000BB69182B3AD17B6903F00303012B35D178
:1037D0007B4B1B6803F48073002B05D07B68DB698F
:1037E000802B01D00123C1E2FFF7D6FA034641F254
:1037F0000302934217D87B681B6A202B08D1704BB9
:103800005B6823F0F8436E4A43F08043536075E0F1
:103810006B4B5B6823F0F8427B681B6A9B06684928
:1038200013434B606AE0664BDB6823F07C527B6895
:103830001B6A1B0662491343CB605FE07B68DB6950
:10384000002B42D05E4B1B685D4A43F0800313603F
:10385000FFF772FA786208E0FFF76EFA02467B6AB9
:10386000D31A022B01D9032380E2554B1B6803F4C2
:103870008073002BF0D0FFF78FFA034641F203026A
:10388000934217D87B681B6A202B08D14C4B5B688E
:1038900023F0F8434A4A43F0804353602EE0484BFC
:1038A0005B6823F0F8427B681B6A9B06444913431C
:1038B0004B6023E0424BDB6823F07C527B681B6A41
:1038C0001B063F491343CB6018E03D4B1B683C4A45
:1038D00023F080031360FFF72FFA786208E0FFF708
:1038E0002BFA02467B6AD31A022B01D903233DE24D
:1038F000334B1B6803F48073002BF0D17B681B688B
:1039000003F00803002B36D07B685B69002B19D0CD
:103910002B4B5B6F2A4A43F001035367FFF70CFA06
:10392000786208E0FFF708FA02467B6AD31A022B96
:1039300001D903231AE2224B5B6F03F00203002B31
:10394000F0D018E01E4B5B6F1D4A23F00103536754
:10395000FFF7F2F9786208E0FFF7EEF902467B6ABA
:10396000D31A022B01D9032300E2154B5B6F03F03E
:103970000203002BF0D17B681B6803F02003002BAF
:1039800039D07B689B69002B1CD00D4B1B680C4AFF
:1039900043F480531360FFF7CFF9786208E0FFF734
:1039A000CBF902467B6AD31A022B01D90323DDE14E
:1039B000034B1B6803F40053002BF0D01BE000BF47
:1039C000004402589B4B1B689A4A23F480531360AF
:1039D000FFF7B2F9786208E0FFF7AEF902467B6ABA
:1039E000D31A022B01D90323C0E1924B1B6803F4C5
:1039F0000053002BF0D17B681B6803F00403002BFD
:103A000000F081808C4B1B688B4A43F480731360F9
:103A1000FFF792F9786208E0FFF78EF902467B6AB9
:103A2000D31A642B01D90323A0E1834B1B6803F451
:103A30008073002BF0D07B689B68012B06D17D4BF7
:103A40001B6F7C4A43F0010313672DE07B689B6882
:103A5000002B0CD1774B1B6F764A23F001031367C1
:103A6000744B1B6F734A23F0040313671CE07B68DD
:103A70009B68052B0CD16F4B1B6F6E4A43F0040300
:103A800013676C4B1B6F6B4A43F0010313670BE02A
:103A9000684B1B6F674A23F001031367654B1B6F6D
:103AA000644A23F0040313677B689B68002B15D0DE
:103AB000FFF742F978620AE0FFF73EF902467B6AB7
:103AC000D31A41F28832934201D903234EE1594B74
:103AD0001B6F03F00203002BEED014E0FFF72CF96C
:103AE00078620AE0FFF728F902467B6AD31A41F2AE
:103AF0008832934201D9032338E14E4B1B6F03F008
:103B00000203002BEED17B685B6A002B00F02D8155
:103B1000484B1B6903F03803182B00F0BD807B680D
:103B20005B6A022B40F09E80424B1B68414A23F0A7
:103B300080731360FFF700F9786208E0FFF7FCF884
:103B400002467B6AD31A022B01D903230EE1394BBB
:103B50001B6803F00073002BF0D1364B9A6A374B89
:103B600013407A68916A7A68D26A12010A4331492D
:103B700013438B627B681B6B013BC3F308027B68BA
:103B80005B6B013B5B029BB21A437B689B6B013B07
:103B90001B0403F4FE031A437B68DB6B013B1B062B
:103BA00003F0FE43234913430B63224BDB6A214A94
:103BB00023F00103D3621F4B5A6B214B13407A68E9
:103BC000926CD2001B4913434B631A4BDB6A23F000
:103BD0000C027B681B6C17491343CB62154BDB6AE5
:103BE00023F002027B685B6C12491343CB62114BDA
:103BF000DB6A104A43F48033D3620E4BDB6A0D4A12
:103C000043F40033D3620B4BDB6A0A4A43F480234C
:103C1000D362084BDB6A074A43F00103D362054BCA
:103C20001B68044A43F080731360FFF785F87862DD
:103C300011E000BF00440258004802580CFCFFFF8E
:103C40000700FFFFFFF778F802467B6AD31A022BC2
:103C500001D903238AE0474B1B6803F00073002B54
:103C6000F0D082E0434B1B68424A23F0807313601C
:103C7000FFF762F8786208E0FFF75EF802467B6AB9
:103C8000D31A022B01D9032370E03A4B1B6803F0CF
:103C90000073002BF0D168E0364B9B6A3B61354BDB
:103CA0001B6BFB607B685B6A012B31D03B6903F0C7
:103CB00003027B689B6A9A422AD13B691B0903F085
:103CC0003F027B68DB6A9A4222D1FB68C3F3080299
:103CD0007B681B6B013B9A421AD1FB685B0A03F0BD
:103CE0007F027B685B6B013B9A4211D1FB681B0C26
:103CF00003F07F027B689B6B013B9A4208D1FB6813
:103D00001B0E03F07F027B68DB6B013B9A4201D004
:103D100001232BE0174B5B6BDB08C3F30C033B6108
:103D20007B689B6C3A699A421FD0124BDB6A114A3E
:103D300023F00103D362FEF7FFFF786200BFFEF7B6
:103D4000FBFF02467B6A9342F9D00A4B5A6B0A4B3F
:103D500013407A68926CD200064913434B63054BBB
:103D6000DB6A044A43F00103D3620023184630376C
:103D7000BD4680BD004402580700FFFF80B586B0F5
:103D800000AF786039607B68002B01D101239CE192
:103D90008A4B1B6803F00F033A689A4210D9874B8D
:103DA0001B6823F00F0285493B6813430B60834B6C
:103DB0001B6803F00F033A689A4201D0012384E1A3
:103DC0007B681B6803F00403002B10D07B681A6922
:103DD0007B4B9B6903F070039A4208D9784B9B692F
:103DE00023F070027B681B69754913438B617B6804
:103DF0001B6803F00803002B10D07B685A69704BD6
:103E0000DB6903F070039A4208D96D4BDB6923F03C
:103E100070027B685B696A491343CB617B681B68EE
:103E200003F01003002B10D07B689A69644BDB69A8
:103E300003F4E0639A4208D9614BDB6923F4E06242
:103E40007B689B695E491343CB617B681B6803F009
:103E50002003002B10D07B68DA69594B1B6A03F0F2
:103E600070039A4208D9564B1B6A23F070027B6894
:103E7000DB69534913430B627B681B6803F0020341
:103E8000002B10D07B68DA684D4B9B6903F00F0361
:103E90009A4208D94A4B9B6923F00F027B68DB6882
:103EA000474913438B617B681B6803F00103002BB8
:103EB00055D0434B9B6923F470627B689B684049F3
:103EC00013438B617B685B68022B07D13C4B1B68FB
:103ED00003F40033002B21D10123F6E07B685B68FB
:103EE000032B07D1364B1B6803F00073002B15D151
:103EF0000123EAE07B685B68012B07D1304B1B682C
:103F000003F48073002B09D10123DEE02C4B1B68E6
:103F100003F00403002B01D10123D6E0284B1B69D9
:103F200023F007027B685B68254913430B61FEF7AA
:103F300003FF78610AE0FEF7FFFE02467B69D31AB1
:103F400041F28832934201D90323BEE01C4B1B6926
:103F500003F038027B685B68DB009A42EBD17B6838
:103F60001B6803F00203002B10D07B68DA68144B47
:103F70009B6903F00F039A4208D2114B9B6923F00F
:103F80000F027B68DB680E4913438B610B4B1B6888
:103F900003F00F033A689A4214D2084B1B6823F0CF
:103FA0000F0206493B6813430B60044B1B6803F088
:103FB0000F033A689A4205D0012386E000200052A0
:103FC000004402587B681B6803F00403002B10D0E8
:103FD0007B681A693F4B9B6903F070039A4208D2D1
:103FE0003C4B9B6923F070027B681B693949134382
:103FF0008B617B681B6803F00803002B10D07B6883
:104000005A69344BDB6903F070039A4208D2314B92
:10401000DB6923F070027B685B692E491343CB6137
:104020007B681B6803F01003002B10D07B689A6933
:10403000284BDB6903F4E0639A4208D2254BDB6925
:1040400023F4E0627B689B6922491343CB617B6860
:104050001B6803F02003002B10D07B68DA691D4B2E
:104060001B6A03F070039A4208D21A4B1B6A23F0B2
:1040700070027B68DB69174913430B6200F034F868
:104080000246144B9B691B0A03F00F031249CB5CD9
:1040900003F01F0322FA03F33B610E4B9B6903F00D
:1040A0000F030D4AD35C03F01F033A6922FA03F3AE
:1040B0000A4A13600A4A3B6913600A4B1B68184698
:1040C000FEF7F0FD0346FB73FB7B18461837BD4631
:1040D00080BD00BF0044025880DC000808000024B6
:1040E000040000240C00002480B489B000AFB34B5E
:1040F0001B6903F03803182B00F2558101A252F816
:1041000023F000BF69410008A7430008A743000847
:10411000A7430008A7430008A7430008A7430008D7
:10412000A74300088F410008A7430008A7430008E1
:10413000A7430008A7430008A7430008A7430008B7
:10414000A743000895410008A7430008A7430008BB
:10415000A7430008A7430008A7430008A743000897
:10416000A74300089B410008944B1B6803F0200301
:10417000002B09D0914B1B68DB0803F00303904A26
:1041800022FA03F3BB6111E18D4BBB610EE18D4B54
:10419000BB610BE18C4BBB6108E1884B9B6A03F070
:1041A00003037B61854B9B6A1B0903F03F033B6163
:1041B000824BDB6A03F00103FB60804B5B6BDB0827
:1041C000C3F30C03FA6802FB03F307EE903AF8EE30
:1041D000677AC7ED027A3B69002B00F0E1807B69CA
:1041E000022B00F083807B69022B00F2A1807B69A7
:1041F000002B03D07B69012B56D099E06F4B1B68D5
:1042000003F02003002B2DD06C4B1B68DB0803F060
:1042100003036B4A22FA03F37B607B6807EE903A54
:10422000F8EE676A3B6907EE903AF8EE677A86EE39
:10423000A77A624B1B6BC3F3080307EE903AF8EEC4
:10424000676A97ED026ADFED615AC6EE257A76EE6F
:10425000A77AF7EE006A77EEA67A67EE277AC7EDBF
:10426000077A87E03B6907EE903AF8EE677ADFED70
:10427000586A86EEA77A514B1B6BC3F3080307EE0F
:10428000903AF8EE676A97ED026ADFED505AC6EE93
:10429000257A76EEA77AF7EE006A77EEA67A67EED1
:1042A000277AC7ED077A65E03B6907EE903AF8EEAA
:1042B000677ADFED486A86EEA77A404B1B6BC3F343
:1042C000080307EE903AF8EE676A97ED026ADFEDB1
:1042D0003F5AC6EE257A76EEA77AF7EE006A77EEB9
:1042E000A67A67EE277AC7ED077A43E03B6907EEC7
:1042F000903AF8EE677ADFED386A86EEA77A2F4BB0
:104300001B6BC3F3080307EE903AF8EE676A97ED6C
:10431000026ADFED2E5AC6EE257A76EEA77AF7EE20
:10432000006A77EEA67A67EE277AC7ED077A21E072
:104330003B6907EE903AF8EE677ADFED266A86EE83
:10434000A77A1E4B1B6BC3F3080307EE903AF8EEF7
:10435000676A97ED026ADFED1D5AC6EE257A76EEA2
:10436000A77AF7EE006A77EEA67A67EE277AC7EDAE
:10437000077A00BF114B1B6B5B0A03F07F0301330D
:104380003B603B6807EE903AB8EE677AD7ED076A74
:10439000C6EE877AFCEEE77A17EE903ABB6105E04D
:1043A0000023BB6102E0074BBB6100BFBB6918463D
:1043B0002437BD465DF8047B704700BF00440258B7
:1043C0000090D00300093D0040787D0100000046C8
:1043D0000024744C0024744A20BCBE4B80B582B0CB
:1043E00000AFFFF781FE0246104B9B691B0A03F0EA
:1043F0000F030F49CB5C03F01F0322FA03F37B602A
:104400000A4B9B6903F00F03094AD35C03F01F03B7
:104410007A6822FA03F3074A1360074A7B6813603D
:10442000044B1B6818460837BD4680BD004402583F
:1044300080DC0008080000240400002480B500AFE0
:10444000FFF7CCFF0246064BDB691B0903F00703AD
:104450000449CB5C03F01F0322FA03F3184680BD26
:104460000044025880DC000880B500AFFFF7B6FFBB
:104470000246064BDB691B0A03F007030449CB5CC9
:1044800003F01F0322FA03F3184680BD00440258CC
:1044900080DC00082DE9B04FCAB000AFC7F81401A6
:1044A000002387F82731002387F82631D7F8143105
:1044B000D3E9002302F00064002554EA050349D043
:1044C000D7F814319B6EB3F5401F2FD0B3F5401FC2
:1044D00028D8B3F5001F1AD0B3F5001F22D8002B3F
:1044E00003D0B3F5801F07D01CE0B84BDB6AB74A96
:1044F00043F40033D3621AE0D7F8143108330221B1
:10450000184601F08FFC034687F827310FE0D7F8F3
:10451000143128330221184601F036FD034687F88E
:10452000273104E0012387F8273100E000BF97F826
:104530002731002B0AD1A54B1B6D23F44011D7F86E
:1045400014319B6EA14A0B43136503E097F82731A2
:1045500087F82631D7F81431D3E9002302F48078A4
:104560004FF0000958EA090347D0D7F814319B6D82
:10457000042B2AD801A252F823F000BF914500086D
:104580009F450008B5450008D3450008D3450008FD
:104590008E4BDB6A8D4A43F40033D3621AE0D7F8BE
:1045A000143108330021184601F03CFC034687F81B
:1045B00027310FE0D7F8143128330021184601F0D5
:1045C000E3FC034687F8273104E0012387F827310D
:1045D00000E000BF97F82731002B0AD17B4B1B6D01
:1045E00023F00701D7F814319B6D784A0B4313650C
:1045F00003E097F8273187F82631D7F81431D3E94B
:10460000002302F4007A4FF0000B5AEA0B034CD05F
:10461000D7F81431DB6DB3F5807F30D0B3F5807FF0
:1046200029D8C02B2DD0C02B25D8802B18D0802B7B
:1046300021D8002B02D0402B07D01CE0634BDB6A53
:10464000624A43F40033D3621CE0D7F814310833D4
:104650000021184601F0E6FB034687F8273111E0F8
:10466000D7F8143128330021184601F08DFC034699
:1046700087F8273106E0012387F8273102E000BFE1
:1046800000E000BF97F82731002B0AD14F4B1B6D7C
:1046900023F4E071D7F81431DB6D4C4A0B431365FA
:1046A00003E097F8273187F82631D7F81431D3E99A
:1046B000002302F48063C7F808310023C7F80C31E7
:1046C000D7E942120B46134353D0D7F81431D3F82D
:1046D000A830B3F5000F35D0B3F5000F2ED8B3F5E1
:1046E000C00F31D0B3F5C00F28D8B3F5800F1AD062
:1046F000B3F5800F22D8002B03D0B3F5001F07D0ED
:104700001CE0324BDB6A314A43F40033D3621CE0D5
:10471000D7F8143108330021184601F083FB034613
:1047200087F8273111E0D7F81431283300211846D3
:1047300001F02AFC034687F8273106E0012387F8B9
:10474000273102E000BF00E000BF97F82731002BBF
:104750000BD11E4B9B6D23F46001D7F81431D3F8B5
:10476000A8301A4A0B43936503E097F8273187F87E
:104770002631D7F81431D3E9002302F40063C7F8D7
:1047800000310023C7F80431D7E940120B46134328
:1047900056D0D7F81431D3F8AC30B3F1806F38D09D
:1047A000B3F1806F31D8B3F1407F34D0B3F1407FA3
:1047B0002BD8B3F1007F1DD0B3F1007F25D8002B9B
:1047C00006D0B3F1807F0AD01FE000BF004402583A
:1047D000A24BDB6AA14A43F40033D3621CE0D7F852
:1047E000143108330021184601F01CFB034687F8FA
:1047F000273111E0D7F8143128330021184601F091
:10480000C3FB034687F8273106E0012387F82731E9
:1048100002E000BF00E000BF97F82731002B0BD16A
:104820008E4B9B6D23F0E061D7F81431D3F8AC3098
:104830008A4A0B43936503E097F8273187F82631BE
:10484000D7F81431D3E9002302F00073C7F8F83029
:104850000023C7F8FC30D7E93E120B4613433AD089
:10486000D7F81431DB6C302B1FD0302B19D8202B0C
:104870000CD0202B15D8002B19D0102B11D1774B31
:10488000DB6A764A43F40033D36211E0D7F814317F
:1048900008330221184601F0C5FA034687F827318C
:1048A00006E0012387F8273102E000BF00E000BFE7
:1048B00097F82731002B0AD1684BDB6C23F03001CD
:1048C000D7F81431DB6C654A0B43D36403E097F8E7
:1048D000273187F82631D7F81431D3E9002302F4C1
:1048E0008053C7F8F0300023C7F8F430D7E93C1202
:1048F0000B46134351D0D7F814311B6EB3F5804FDC
:1049000035D0B3F5804F2ED8B3F5405F31D0B3F535
:10491000405F28D8B3F5005F1AD0B3F5005F22D806
:10492000002B03D0B3F5805F07D01CE04B4BDB6A54
:104930004A4A43F40033D3621CE0D7F814310833F9
:104940000021184601F06EFA034687F8273111E07E
:10495000D7F8143128330021184601F015FB03461F
:1049600087F8273106E0012387F8273102E000BFEE
:1049700000E000BF97F82731002B0AD1374B1B6DA1
:1049800023F4E041D7F814311B6E344A0B4313650E
:1049900003E097F8273187F82631D7F81431D3E9A7
:1049A000002302F40053C7F8E8300023C7F8EC30C6
:1049B000D7E93A120B46134356D0D7F814315B6E41
:1049C000B3F5A02F33D0B3F5A02F2CD8B3F5802F9B
:1049D0002FD0B3F5802F26D8B3F5403F2BD0B3F5B9
:1049E000403F20D8B3F5003F12D0B3F5003F1AD8AE
:1049F000002B22D0B3F5803F15D1D7F814310833FE
:104A00000121184601F00EFA034687F8273115E018
:104A1000D7F8143128330121184601F0B5FA0346BE
:104A200087F827310AE0012387F8273106E000BF25
:104A300004E000BF02E000BF00E000BF97F82731AC
:104A4000002B0DD1054B1B6D23F4E021D7F8143159
:104A50005B6E024A0B43136506E000BF0044025838
:104A600097F8273187F82631D7F81431D3E9002396
:104A700002F48043C7F8E0300023C7F8E430D7E9F8
:104A800038120B46134355D0D7F81431D3F8B03051
:104A9000B3F1A04F33D0B3F1A04F2CD8B3F1804F76
:104AA0002FD0B3F1804F26D8B3F1405F2BD0B3F1B4
:104AB000405F20D8B3F1005F12D0B3F1005F1AD885
:104AC000002B22D0B3F1805F15D1D7F81431083311
:104AD0000121184601F0A6F9034687F8273115E0B1
:104AE000D7F8143128330121184601F04DFA034656
:104AF00087F827310AE0012387F8273106E000BF55
:104B000004E000BF02E000BF00E000BF97F82731DB
:104B1000002B0BD1A34B9B6D23F0E041D7F8143150
:104B2000D3F8B0309F4A0B43936503E097F82731E1
:104B300087F82631D7F81431D3E9002302F4004373
:104B4000C7F8D8300023C7F8DC30D7E936120B4657
:104B5000134337D0D7F814311B6FB3F1005F0ED079
:104B6000B3F1005F16D8002B18D0B3F1805F11D1DC
:104B70008C4BDB6A8B4A43F40033D3620FE0D7F8E7
:104B8000143108330121184601F04CF9034687F827
:104B9000273104E0012387F8273100E000BF97F8B0
:104BA0002731002B0AD17F4B1B6D23F04051D7F8E2
:104BB00014311B6F7B4A0B43136503E097F82731D1
:104BC00087F82631D7F81431D3E9002302F0807337
:104BD000C7F8D0300023C7F8D430D7E934120B46D9
:104BE000134339D0D7F814319B6C032B1CD801A286
:104BF00052F823F0314C0008054C0008134C000813
:104C0000314C0008674BDB6A664A43F40033D362D9
:104C10000FE0D7F8143108330221184601F002F9E9
:104C2000034687F8273104E0012387F8273100E0A5
:104C300000BF97F82731002B0AD15A4BDB6C23F0C9
:104C40000301D7F814319B6C564A0B43D36403E03D
:104C500097F8273187F82631D7F81431D3E90023A4
:104C600002F48003C7F8C8300023C7F8CC30D7E976
:104C700032120B46134300F09F804B4B1B684A4A8D
:104C800043F480731360FEF757F8C7F820010BE078
:104C9000FEF752F80246D7F82031D31A642B03D915
:104CA000032387F8273105E03F4B1B6803F480732B
:104CB000002BEDD097F82731002B79D1394B1A6FA3
:104CC000D7F81431D3F8B430534003F44073002BB9
:104CD00015D0344B1B6F23F44073C7F81C31314B94
:104CE0001B6F304A43F4803313672E4B1B6F2D4AE2
:104CF00023F4803313672B4AD7F81C311367D7F896
:104D00001431D3F8B430B3F5807F18D1FEF714F81E
:104D1000C7F820010DE0FEF70FF80246D7F8203162
:104D2000D21A41F288339A4203D9032387F82731F4
:104D300005E01C4B1B6F03F00203002BEBD097F830
:104D40002731002B29D1D7F81431D3F8B43003F42C
:104D50004073B3F5407F0ED1124B1B6923F47C5195
:104D6000D7F81431D3F8B4301A09104B13400D4A58
:104D70000B43136105E00B4B1B690A4A23F47C5378
:104D80001361084B196FD7F81431D3F8B430C3F35B
:104D90000B03044A0B4313670EE097F8273187F89B
:104DA000263109E00044025800480258CFFFFF00B6
:104DB00097F8273187F82631D7F81431D3E9002343
:104DC00002F00103C7F8C0300023C7F8C430D7E9A8
:104DD00030120B46134300F08980D7F81431DB6F93
:104DE000282B6BD801A252F823F000BFC54E000853
:104DF000BD4E0008BD4E0008BD4E0008BD4E000867
:104E0000BD4E0008BD4E0008BD4E0008914E000882
:104E1000BD4E0008BD4E0008BD4E0008BD4E000846
:104E2000BD4E0008BD4E0008BD4E0008A74E00084C
:104E3000BD4E0008BD4E0008BD4E0008BD4E000826
:104E4000BD4E0008BD4E0008BD4E0008C54E00080E
:104E5000BD4E0008BD4E0008BD4E0008BD4E000806
:104E6000BD4E0008BD4E0008BD4E0008C54E0008EE
:104E7000BD4E0008BD4E0008BD4E0008BD4E0008E6
:104E8000BD4E0008BD4E0008BD4E0008C54E0008CE
:104E9000D7F8143108330121184600F0C3FF034648
:104EA00087F827310FE0D7F814312833012118464D
:104EB00001F06AF8034687F8273104E0012387F8F8
:104EC000273100E000BF97F82731002B0AD1BF4BF4
:104ED0005B6D23F03801D7F81431DB6FBB4A0B430D
:104EE000536503E097F8273187F82631D7F8143156
:104EF000D3E9002302F00203C7F8B8300023C7F853
:104F0000BC30D7E92E120B46134341D0D7F81431E9
:104F10009B6F052B24D801A252F823F0694F00089B
:104F2000354F00084B4F0008694F0008694F0008D3
:104F3000694F0008D7F8143108330121184600F0F2
:104F400071FF034687F827310FE0D7F81431283373
:104F50000121184601F018F8034687F8273104E0CC
:104F6000012387F8273100E000BF97F82731002B95
:104F70000AD1964B5B6D23F00701D7F814319B6F74
:104F8000924A0B43536503E097F8273187F826319F
:104F9000D7F81431D3E9002302F00403C7F8B03086
:104FA0000023C7F8B430D7E92C120B46134344D082
:104FB000D7F81431D3F89430052B25D801A252F834
:104FC00023F000BF11500008DD4F0008F34F000828
:104FD000115000081150000811500008D7F8143182
:104FE00008330121184600F01DFF034687F82731DA
:104FF0000FE0D7F8143128330121184600F0C4FF20
:10500000034687F8273104E0012387F8273100E0C1
:1050100000BF97F82731002B0BD16C4B9B6D23F011
:105020000701D7F81431D3F89430684A0B439365DD
:1050300003E097F8273187F82631D7F81431D3E900
:10504000002302F02003C7F8A8300023C7F8AC30D3
:10505000D7E92A120B46134355D0D7F81431D3F8A9
:105060009030B3F1A04F33D0B3F1A04F2CD8B3F1AF
:10507000804F2FD0B3F1804F26D8B3F1405F2BD0B3
:10508000B3F1405F20D8B3F1005F12D0B3F1005FFD
:105090001AD8002B22D0B3F1805F15D1D7F8143184
:1050A00008330021184600F0BDFE034687F827317B
:1050B00015E0D7F8143128330221184600F064FFB8
:1050C000034687F827310AE0012387F8273106E0F5
:1050D00000BF04E000BF02E000BF00E000BF97F89F
:1050E0002731002B0BD1394B5B6D23F0E041D7F812
:1050F0001431D3F89030354A0B43536503E097F8E9
:10510000273187F82631D7F81431D3E9002302F08C
:105110004003C7F8A0300023C7F8A430D7E928120D
:105120000B46134358D0D7F81431D3F89C30B3F55D
:10513000A05F33D0B3F5A05F2CD8B3F5805F2FD03C
:10514000B3F5805F26D8B3F5406F2BD0B3F5406F31
:1051500020D8B3F5006F12D0B3F5006F1AD8002B2A
:1051600022D0B3F5806F15D1D7F814310833002160
:10517000184600F057FE034687F8273115E0D7F8A8
:10518000143128330221184600F0FEFE034687F84A
:1051900027310AE0012387F8273106E000BF04E049
:1051A00000BF02E000BF00E000BF97F82731002BEE
:1051B0000ED1064B9B6D23F4E051D7F81431D3F890
:1051C0009C30024A0B43936506E000BF004402583E
:1051D00097F8273187F82631D7F81431D3E900231F
:1051E00002F08003C7F898300023C7F89C30D7E955
:1051F00026120B46134355D0D7F81431D3F8A030FC
:10520000B3F5204F33D0B3F5204F2CD8B3F5004F72
:105210002FD0B3F5004F26D8B3F5C04F2BD0B3F540
:10522000C04F20D8B3F5804F12D0B3F5804F1AD8B5
:10523000002B22D0B3F5005F15D1D7F81431083315
:105240000021184600F0EEFD034687F8273115E0EF
:10525000D7F8143128330221184600F095FE034692
:1052600087F827310AE0012387F8273106E000BFDD
:1052700004E000BF02E000BF00E000BF97F8273164
:10528000002B0BD1A14B9B6D23F46041D7F8143157
:10529000D3F8A0309D4A0B43936503E097F827317C
:1052A00087F82631D7F81431D3E9002302F0080338
:1052B000C7F890300023C7F89430D7E924120B4682
:1052C00013431ED0D7F81431D3F88430B3F5805F80
:1052D0000CD1D7F8143128330221184600F054FEBF
:1052E0000346002B02D0012387F82631874B5B6DE4
:1052F00023F44051D7F81431D3F88430834A0B4358
:105300005365D7F81431D3E9002302F01003C7F82E
:1053100088300023C7F88C30D7E922120B4613439C
:105320001ED0D7F81431D3F89830B3F5807F0CD164
:10533000D7F8143128330221184600F025FE034621
:10534000002B02D0012387F82631704B9B6D23F48C
:105350004071D7F81431D3F898306C4A0B439365F9
:10536000D7F81431D3E9002302F40023C7F88030C2
:105370000023C7F88430D7E920120B4613433ED0F0
:10538000D7F81431D3F8A430B3F5003F22D0B3F5E9
:10539000003F1BD8002B03D0B3F5803F0BD015E0A6
:1053A000D7F8143108330021184600F03BFD0346BE
:1053B00087F827310FE0D7F8143128330221184637
:1053C00000F0E2FD034687F8273104E0012387F867
:1053D000273100E000BF97F82731002B0BD14B4B52
:1053E0009B6D23F44031D7F81431D3F8A430474AE9
:1053F0000B43936503E097F8273187F82631D7F8F8
:105400001431D3E9002302F48023BB670023FB6738
:10541000D7E91E120B4613433BD0D7F81431D3F80B
:105420008830B3F5401F1FD0B3F5401F18D8B3F52F
:10543000801F03D0B3F5001F07D011E0334BDB6AA8
:10544000324A43F40033D3620FE0D7F814312833E3
:105450000121184600F098FD034687F8273104E043
:10546000012387F8273100E000BF97F82731002B90
:105470000BD1264B5B6D23F44011D7F81431D3F8D0
:105480008830224A0B43536503E097F8273187F8A9
:105490002631D7F81431D3E9002302F480333B6777
:1054A00000237B67D7E91C120B46134334D0D7F88F
:1054B00014311B6D002B03D0B3F5803F07D011E0F2
:1054C000124BDB6A114A43F40033D3620EE0D7F883
:1054D000143108330221184600F0A4FC034687F873
:1054E000273103E0012387F8273100BF97F82731E0
:1054F000002B0DD1054BDB6C23F48031D7F8143130
:105500001B6D024A0B43D36406E000BF00440258FF
:1055100097F8273187F82631D7F81431D3E90023DB
:1055200002F00053BB660023FB66D7E91A120B4654
:1055300013430CD0D7F8143128330221184600F059
:1055400023FD0346002B02D0012387F82631D7F82C
:105550001431D3E9002302F400333B6600237B6659
:10556000D7E918120B46134338D0D7F81431D3F8C3
:105570008030B3F5407F18D0B3F5407F11D8B3F534
:10558000007F14D0B3F5007F0BD8002B11D0B3F5FA
:10559000807F06D1C34BDB6AC24A43F40033D36237
:1055A00008E0012387F8273104E000BF02E000BFD4
:1055B00000E000BF97F82731002B0BD1B94B5B6D92
:1055C00023F44071D7F81431D3F88030B54A0B4337
:1055D000536503E097F8273187F82631D7F814315F
:1055E000D3E9002302F48013BB650023FB65D7E9F0
:1055F00016120B46134309D0AA4B1B6D23F0004132
:10560000D7F814315B6FA74A0B431365D7F81431F1
:10561000D3E9002302F080533B6500237B65D7E983
:1056200014120B4613430AD09E4B1B6923F480418E
:10563000D7F81431D3F8B8309A4A0B431361D7F82E
:105640001431D3E9002302F40013BB640023FB648C
:10565000D7E912120B46134309D0924B1B6D23F06E
:105660008071D7F81431DB6E8E4A0B431365D7F87F
:105670001431D3E9002302F080433B6400237B64B0
:10568000D7E910120B4613430ED0864B1B69854A8F
:1056900023F400431361834B1969D7F81431D3F80D
:1056A000BC30804A0B431361D7F81431D3E900238F
:1056B00002F00043BB630023FB63D7E90E120B46E5
:1056C000134309D0774BDB6C23F04051D7F81431EA
:1056D0005B6D744A0B43D364D7F81431D3E90023CC
:1056E00002F400033B6300237B63D7E90C120B46F3
:1056F00013430AD06B4B5B6D23F44001D7F8143190
:10570000D3F88C30674A0B435365D7F81431D3E98B
:1057100000230021B96203F00103FB62D7E90A12FA
:105720000B46134311D0D7F8143108330021184623
:1057300000F078FB034687F8273197F82731002BD4
:1057400003D097F8273187F82631D7F81431D3E9F9
:1057500000230021396203F002037B62D7E90812BB
:105760000B46134311D0D7F81431083301211846E2
:1057700000F058FB034687F8273197F82731002BB4
:1057800003D097F8273187F82631D7F81431D3E9B9
:1057900000230021B96103F00403FB61D7E906127D
:1057A0000B46134311D0D7F81431083302211846A1
:1057B00000F038FB034687F8273197F82731002B94
:1057C00003D097F8273187F82631D7F81431D3E979
:1057D00000230021396103F008037B61D7E904123B
:1057E0000B46134311D0D7F8143128330021184643
:1057F00000F0CAFB034687F8273197F82731002BC2
:1058000003D097F8273187F82631D7F81431D3E938
:1058100000230021B96003F01003FB60D7E90212F6
:105820000B46134311D0D7F8143128330121184601
:1058300000F0AAFB034687F8273197F82731002BA1
:1058400003D097F8273187F82631D7F81431D3E9F8
:1058500000230021396003F020037B60D7E90012A8
:105860000B46134311D0D7F81431283302211846C0
:1058700000F08AFB034687F8273197F82731002B81
:1058800003D097F8273187F8263197F82631002B77
:1058900001D1002300E00123184607F59477BD46A7
:1058A000BDE8B08F0044025880B500AFFEF796FD0A
:1058B0000246064B1B6A1B0903F007030449CB5C35
:1058C00003F01F0322FA03F3184680BD0044025878
:1058D00080DC000880B489B000AF7860A14B9B6A7F
:1058E00003F00303BB619F4B9B6A1B0B03F03F0359
:1058F0007B619C4BDB6A1B0903F001033B61994B05
:10590000DB6BDB08C3F30C033A6902FB03F307EE1E
:10591000903AF8EE677AC7ED037A7B69002B00F0C6
:105920001181BB69022B00F08380BB69022B00F25E
:10593000A180BB69002B03D0BB69012B56D099E035
:10594000884B1B6803F02003002B2DD0854B1B6870
:10595000DB0803F00303844A22FA03F3BB60BB684D
:1059600007EE903AF8EE676A7B6907EE903AF8EE38
:10597000677A86EEA77A7B4B9B6BC3F3080307EE2F
:10598000903AF8EE676A97ED036ADFED785AC6EE53
:10599000257A76EEA77AF7EE006A77EEA67A67EEBA
:1059A000277AC7ED077A87E07B6907EE903AF8EE31
:1059B000677ADFED6F6A86EEA77A6A4B9B6BC3F35B
:1059C000080307EE903AF8EE676A97ED036ADFED99
:1059D000675AC6EE257A76EEA77AF7EE006A77EE7A
:1059E000A67A67EE277AC7ED077A65E07B6907EE4E
:1059F000903AF8EE677ADFED5F6A86EEA77A594B48
:105A00009B6BC3F3080307EE903AF8EE676A97EDD5
:105A1000036ADFED565AC6EE257A76EEA77AF7EEE0
:105A2000006A77EEA67A67EE277AC7ED077A43E039
:105A30007B6907EE903AF8EE677ADFED4F6A86EE03
:105A4000A77A484B9B6BC3F3080307EE903AF8EE36
:105A5000676A97ED036ADFED455AC6EE257A76EE62
:105A6000A77AF7EE006A77EEA67A67EE277AC7ED97
:105A7000077A21E07B6907EE903AF8EE677ADFED6E
:105A80003D6A86EEA77A374B9B6BC3F3080307EE9C
:105A9000903AF8EE676A97ED036ADFED345AC6EE86
:105AA000257A76EEA77AF7EE006A77EEA67A67EEA9
:105AB000277AC7ED077A00BF2A4B9B6B5B0A03F07E
:105AC0007F0307EE903AF8EE677AB7EE007A37EE8A
:105AD000877AD7ED076AC6EE877AFCEEE77A17EE8B
:105AE000902A7B681A601F4B9B6B1B0C03F07F0393
:105AF00007EE903AF8EE677AB7EE007A37EE877ADB
:105B0000D7ED076AC6EE877AFCEEE77A17EE902AA1
:105B10007B685A60134B9B6B1B0E03F07F0307EEF1
:105B2000903AF8EE677AB7EE007A37EE877AD7EDDB
:105B3000076AC6EE877AFCEEE77A17EE902A7B6852
:105B40009A6008E07B6800221A607B6800225A6035
:105B50007B6800229A6000BF2437BD465DF8047B55
:105B6000704700BF004402580090D0030000004678
:105B70000024744C0024744A20BCBE4B80B489B00D
:105B800000AF7860A14B9B6A03F00303BB619F4B9E
:105B90009B6A1B0D03F03F037B619C4BDB6A1B0A76
:105BA00003F001033B61994B5B6CDB08C3F30C030F
:105BB0003A6902FB03F307EE903AF8EE677AC7ED15
:105BC000037A7B69002B00F01181BB69022B00F086
:105BD0008380BB69022B00F2A180BB69002B03D03C
:105BE000BB69012B56D099E0884B1B6803F020035A
:105BF000002B2DD0854B1B68DB0803F00303844A80
:105C000022FA03F3BB60BB6807EE903AF8EE676ACE
:105C10007B6907EE903AF8EE677A86EEA77A7B4BBF
:105C20001B6CC3F3080307EE903AF8EE676A97ED32
:105C3000036ADFED785AC6EE257A76EEA77AF7EE9C
:105C4000006A77EEA67A67EE277AC7ED077A87E0D3
:105C50007B6907EE903AF8EE677ADFED6F6A86EEC1
:105C6000A77A6A4B1B6CC3F3080307EE903AF8EE71
:105C7000676A97ED036ADFED675AC6EE257A76EE1E
:105C8000A77AF7EE006A77EEA67A67EE277AC7ED75
:105C9000077A65E07B6907EE903AF8EE677ADFED08
:105CA0005F6A86EEA77A594B1B6CC3F3080307EEB5
:105CB000903AF8EE676A97ED036ADFED565AC6EE42
:105CC000257A76EEA77AF7EE006A77EEA67A67EE87
:105CD000277AC7ED077A43E07B6907EE903AF8EE42
:105CE000677ADFED4F6A86EEA77A484B1B6CC3F3E9
:105CF000080307EE903AF8EE676A97ED036ADFED66
:105D0000455AC6EE257A76EEA77AF7EE006A77EE68
:105D1000A67A67EE277AC7ED077A21E07B6907EE5E
:105D2000903AF8EE677ADFED3D6A86EEA77A374B58
:105D30001B6CC3F3080307EE903AF8EE676A97ED21
:105D4000036ADFED345AC6EE257A76EEA77AF7EECF
:105D5000006A77EEA67A67EE277AC7ED077A00BF6A
:105D60002A4B1B6C5B0A03F07F0307EE903AF8EEB8
:105D7000677AB7EE007A37EE877AD7ED076AC6EE14
:105D8000877AFCEEE77A17EE902A7B681A601F4B41
:105D90001B6C1B0C03F07F0307EE903AF8EE677A5A
:105DA000B7EE007A37EE877AD7ED076AC6EE877AC4
:105DB000FCEEE77A17EE902A7B685A60134B1B6C57
:105DC0001B0E03F07F0307EE903AF8EE677AB7EE0A
:105DD000007A37EE877AD7ED076AC6EE877AFCEE4F
:105DE000E77A17EE902A7B689A6008E07B680022C9
:105DF0001A607B6800225A607B6800229A6000BFAC
:105E00002437BD465DF8047B704700BF004402584C
:105E10000090D003000000460024744C0024744A13
:105E200020BCBE4B80B584B000AF786039600023E1
:105E3000FB73534B9B6A03F00303032B01D1012334
:105E400099E04F4B1B684E4A23F080631360FCF7C8
:105E500073FFB86008E0FCF76FFF0246BB68D31A17
:105E6000022B01D9032386E0454B1B6803F0006336
:105E7000002BF0D1424B9B6A23F47C327B681B6879
:105E80001B033F4913438B627B685B68013BC3F391
:105E900008027B689B68013B5B029BB21A437B68EC
:105EA000DB68013B1B0403F4FE031A437B681B6998
:105EB000013B1B0603F0FE43314913438B63304B18
:105EC000DB6A23F0C0027B685B692D491343CB6218
:105ED0002B4BDB6A23F020027B689B692849134324
:105EE000CB62274BDB6A264A23F01003D362244B94
:105EF000DA6B244B13407A68D269D20020491343ED
:105F0000CB631F4BDB6A1E4A43F01003D3623B682E
:105F1000002B06D11A4BDB6A194A43F40023D362E3
:105F20000FE03B68012B06D1154BDB6A144A43F4A2
:105F30008013D36205E0124BDB6A114A43F400136D
:105F4000D3620F4B1B680E4A43F080631360FCF76B
:105F5000F3FEB86008E0FCF7EFFE0246BB68D31A18
:105F6000022B01D9032306E0054B1B6803F00063F5
:105F7000002BF0D0FB7B18461037BD4680BD00BF1C
:105F8000004402580700FFFF80B584B000AF78607E
:105F900039600023FB73534B9B6A03F00303032B0D
:105FA00001D1012399E04F4B1B684E4A23F08053E7
:105FB0001360FCF7C1FEB86008E0FCF7BDFE0246C6
:105FC000BB68D31A022B01D9032386E0454B1B681B
:105FD00003F00053002BF0D1424B9B6A23F07C72FC
:105FE0007B681B681B053F4913438B627B685B68BA
:105FF000013BC3F308027B689B68013B5B029BB2D9
:106000001A437B68DB68013B1B0403F4FE031A435D
:106010007B681B69013B1B0603F0FE4331491343B8
:106020000B64304BDB6A23F440627B685B692D496B
:106030001343CB622B4BDB6A23F400727B689B69B2
:1060400028491343CB62274BDB6A264A23F480732B
:10605000D362244B5A6C244B13407A68D269D20025
:10606000204913434B641F4BDB6A1E4A43F4807381
:10607000D3623B68002B06D11A4BDB6A194A43F402
:106080008003D3620FE03B68012B06D1154BDB6A1E
:10609000144A43F40003D36205E0124BDB6A114A51
:1060A00043F08073D3620F4B1B680E4A43F080535A
:1060B0001360FCF741FEB86008E0FCF73DFE0246C5
:1060C000BB68D31A022B01D9032306E0054B1B68DA
:1060D00003F00053002BF0D0FB7B18461037BD4671
:1060E00080BD00BF004402580700FFFF80B584B0A8
:1060F00000AF78607B68002B01D101230FE17B6842
:1061000000229A627B681B68874A93420FD07B68A3
:106110001B68864A93420AD07B681B68844A934274
:1061200005D07B68DB680F2B01D90123F7E0786885
:1061300000F02EFEF8607B681B687B4A93420CD00F
:106140007B681B68794A934207D07B681B68784A52
:10615000934202D0FB68082B11D87B681B68724AF7
:10616000934209D07B681B68704A934204D07B68D5
:106170001B686F4A934204D1FB68102B01D901239D
:10618000CDE07B6893F88130DBB2002B06D17B68D1
:10619000002283F880207868FCF7ACF97B68022243
:1061A00083F881207B681B681A687B681B6822F073
:1061B00001021A607B681B689B6803F4F813BB60DC
:1061C0007B689B69B3F1806F19D17B685B68B3F51D
:1061D000800F03D17B689B6B002B08D07B685B68CA
:1061E000002B0CD17B689B6BB3F1805F07D17B6880
:1061F0001B681A687B681B6842F480521A607B68CF
:106200005B6803F48003002B0FD07B68DB68062BF0
:106210000BD97B681B681B6823F480717B681A6D3F
:106220007B681B680A431A6007E07B681B681A6872
:106230007B681B6822F480721A607B68DA697B686D
:106240009B6A1A43BB681A437B68DB6B42EA030113
:106250007B68DA687B681B680A439A607B685A6BC4
:106260007B685B6A1A437B689B6B1A437B689B69FC
:106270001A437B681B691A437B685B691A437B6816
:106280001B6A1A437B685B681A437B68DB6C1A43A2
:106290007B689B681A437B689B6C42EA03017B68BE
:1062A0009A6D7B681B680A43DA607B685B68002B29
:1062B00013D17B681B689B6823F4C0527B681B6802
:1062C00042F400629A607B681B689B6823F4C0629A
:1062D0007B681B6842F480629A607B681B681A6D59
:1062E0007B681B6822F001021A657B685B6803F417
:1062F0008003002B0AD07B681B68DB6823F0004119
:106300007B685A6D7B681B680A43DA607B680022F1
:10631000C3F884207B68012283F88120002318467B
:106320001037BD4680BD00BF00300140003800403E
:10633000003C004080B588B002AFF860B9603B60B7
:106340001346FB80FB681B6820337B61FCF7F4FC81
:106350003861FB6893F88130DBB2012B01D0022356
:10636000D1E1BB68002B02D0FB88002B01D10123B7
:10637000C9E1FB6893F88030012B01D10223C2E10F
:10638000FB68012283F88020FB68032283F88120C8
:10639000FB680022C3F88420FB68BA68DA65FB68F2
:1063A000FA88A3F86020FB68FA88A3F86220FB68EB
:1063B00000225A66FB680022A3F86820FB680022CE
:1063C000A3F86A20FB6800225A67FB6800221A675C
:1063D000FB689B68B3F5C02F08D1FB681B681A687F
:1063E000FB681B6842F400621A6009E0FB681B68E6
:1063F000DB6823F4C022FB681B6842F40032DA60D9
:10640000FB681B685A68964B1340F988FA68126853
:106410000B435360FB681B681A68FB681B6842F0FB
:1064200001021A60FB685B68B3F5800F07D1FB6857
:106430001B681A68FB681B6842F400721A60FB68EC
:10644000DB680F2B47D93FE0FB681B685B6903F0F3
:106450000203022B14D1FB68DA6DFB681B6812681B
:106460001A62FB68DB6D1A1DFB68DA65FB68B3F81E
:1064700062309BB2013B9AB2FB68A3F8622023E032
:10648000FCF75AFC02463B69D31A3A689A4203D891
:106490003B68B3F1FF3F02D13B68002B14D1F86891
:1064A00000F0A8FBFB68D3F8843043F48072FB68EB
:1064B000C3F88420FB68012283F88120FB68002256
:1064C00083F8802003231EE1FB68B3F862309BB29F
:1064D000002BB9D1F1E0FB68DB68072B40F2E680C6
:1064E0005DE0FB681B685B6903F00203022B32D19D
:1064F000FB68B3F862309BB2012B18D9FB68DB6BE9
:10650000002B14D0FB68DA6DFB681B6812681A62F6
:10651000FB68DB6D1A1DFB68DA65FB68B3F8623057
:106520009BB2023B9AB2FB68A3F8622037E0FB689B
:10653000DB6D1A887B691A80FB68DB6D9A1CFB682F
:10654000DA65FB68B3F862309BB2013B9AB2FB6834
:10655000A3F8622023E0FCF7EFFB02463B69D31A65
:106560003A689A4203D83B68B3F1FF3F02D13B68D7
:10657000002B14D1F86800F03DFBFB68D3F88430A1
:1065800043F48072FB68C3F88420FB68012283F81F
:106590008120FB68002283F880200323B3E0FB689E
:1065A000B3F862309BB2002B9BD186E0FB681B687E
:1065B0005B6903F00203022B54D1FB68B3F862302D
:1065C0009BB2032B18D9FB68DB6B402B14D9FB68FB
:1065D000DA6DFB681B6812681A62FB68DB6D1A1DB6
:1065E000FB68DA65FB68B3F862309BB2043B9AB291
:1065F000FB68A3F8622059E0FB68B3F862309BB2F5
:10660000012B17D9FB68DB6B002B13D0FB68DB6D0C
:106610001A887B691A80FB68DB6D9A1CFB68DA6557
:10662000FB68B3F862309BB2023B9AB2FB68A3F8F6
:1066300062203BE0FB68DA6DFB681B682033127850
:106640001A70FB68DB6D5A1CFB68DA65FB68B3F8EF
:1066500062309BB2013B9AB2FB68A3F8622025E04E
:106660000000FFFFFCF768FB02463B69D31A3A685B
:106670009A4203D83B68B3F1FF3F02D13B68002B3D
:1066800014D1F86800F0B6FAFB68D3F8843043F40C
:106690008072FB68C3F88420FB68012283F88120A4
:1066A000FB68002283F8802003232CE0FB68B3F80A
:1066B00062309BB2002B7FF479AF3B6900933B685B
:1066C00000220821F86800F035FB0346002B07D0B4
:1066D000FB68D3F8843043F02002FB68C3F88420C1
:1066E000F86800F087FAFB68012283F88120FB68D4
:1066F000002283F88020FB68D3F88430002B01D07F
:10670000012300E0002318461837BD4680BD00BFB6
:1067100080B588B000AFF860B9603B601346FB807D
:10672000FB68DB6B5B099BB20133FB83FB681B6877
:106730003033BB61FCF700FB7861FB6893F8813074
:10674000DBB2012B01D0022350E2BB68002B02D048
:10675000FB88002B01D1012348E2FB6893F88030CD
:10676000012B01D1022341E2FB68012283F8802042
:10677000FB68042283F88120FB680022C3F8842090
:10678000FB68BA685A66FB68FA88A3F86820FB6859
:10679000FA88A3F86A20FB680022DA65FB68002209
:1067A000A3F86020FB680022A3F86220FB680022A7
:1067B0001A67FB6800225A67FB689B68B3F5C02F15
:1067C00008D1FB681B681A68FB681B6822F400622A
:1067D0001A6009E0FB681B68DB6823F4C022FB68D1
:1067E0001B6842F48022DA60FB681B685A68954B8C
:1067F0001340F988FA6812680B435360FB681B6802
:106800001A68FB681B6842F001021A60FB685B684B
:10681000B3F5800F07D1FB681B681A68FB681B681B
:1068200042F400721A60FB68DB680F2B6CD964E0DD
:10683000FB681B685B693B61FB681B685B6903F075
:106840000103012B14D1FB681A68FB685B6E126BA5
:106850001A60FB685B6E1A1DFB685A66FB68B3F82A
:106860006A309BB2013B9AB2FB68A3F86A2044E00D
:10687000FB68B3F86A309BB2FA8B9A4219D93B692C
:1068800003F40043002B14D0FB681A68FB685B6EAE
:10689000126B1A60FB685B6E1A1DFB685A66FB6818
:1068A000B3F86A309BB2013B9AB2FB68A3F86A2046
:1068B00023E0FCF741FA02467B69D31A3A689A4210
:1068C00003D83B68B3F1FF3F02D13B68002B14D1E2
:1068D000F86800F08FF9FB68D3F8843043F48072D5
:1068E000FB68C3F88420FB68012283F88120FB68E1
:1068F000002283F88020032378E1FB68B3F86A3034
:106900009BB2002B94D15EE1FB68DB68072B40F261
:1069100053818FE0FB681B685B693B61FB681B6808
:106920005B6903F00103012B14D1FB685B6EBA694C
:10693000128892B21A80FB685B6E9A1CFB685A66DA
:10694000FB68B3F86A309BB2013B9AB2FB68A3F8CC
:106950006A206FE0FB68B3F86A309BB2FA8B9A4208
:1069600024D93B6903F40043002B1FD0FB685B6E06
:10697000BA69128892B21A80FB685B6E9A1CFB6837
:106980005A66FB685B6EBA69128892B21A80FB681D
:106990005B6E9A1CFB685A66FB68B3F86A309BB260
:1069A000023B9AB2FB68A3F86A2043E0FB68B3F8A5
:1069B0006A309BB2012B19D13B6903F40053002BC1
:1069C00014D0FB685B6EBA69128892B21A80FB68B9
:1069D0005B6E9A1CFB685A66FB68B3F86A309BB220
:1069E000013B9AB2FB68A3F86A2023E0FCF7A4F904
:1069F00002467B69D31A3A689A4203D83B68B3F1DE
:106A0000FF3F02D13B68002B14D1F86800F0F2F888
:106A1000FB68D3F8843043F48072FB68C3F88420A9
:106A2000FB68012283F88120FB68002283F8802024
:106A30000323DBE0FB68B3F86A309BB2002B7FF4E2
:106A400069AFC0E00000FFFFFB681B685B693B614A
:106A5000FB681B685B6903F00103012B17D1FB681E
:106A60001B6803F13002FB685B6E1278D2B21A70B9
:106A7000FB685B6E5A1CFB685A66FB68B3F86A30A9
:106A80009BB2013B9AB2FB68A3F86A2094E0FB68D2
:106A9000B3F86A309BB2FA8B9A4246D93B6903F449
:106AA0000043002B41D0FB681B6803F13002FB68F8
:106AB0005B6E1278D2B21A70FB685B6E5A1CFB6870
:106AC0005A66FB681B6803F13002FB685B6E127844
:106AD000D2B21A70FB685B6E5A1CFB685A66FB6880
:106AE0001B6803F13002FB685B6E1278D2B21A7039
:106AF000FB685B6E5A1CFB685A66FB681B6803F1F7
:106B00003002FB685B6E1278D2B21A70FB685B6E63
:106B10005A1CFB685A66FB68B3F86A309BB2043BA8
:106B20009AB2FB68A3F86A2046E0FB68B3F86A30C3
:106B30009BB2032B1CD83B6903F4C043002B17D036
:106B4000FB681B6803F13002FB685B6E1278D2B2FF
:106B50001A70FB685B6E5A1CFB685A66FB68B3F8D8
:106B60006A309BB2013B9AB2FB68A3F86A2023E02B
:106B7000FCF7E2F802467B69D31A3A689A4203D8D6
:106B80003B68B3F1FF3F02D13B68002B14D1F8689A
:106B900000F030F8FB68D3F8843043F48072FB686F
:106BA000C3F88420FB68012283F88120FB6800225F
:106BB00083F88020032319E0FB68B3F86A309BB2A6
:106BC000002B7FF441AFF86800F014F8FB68012255
:106BD00083F88120FB68002283F88020FB68D3F8CB
:106BE0008430002B01D0012300E000231846203719
:106BF000BD4680BD80B485B000AF78607B681B68FF
:106C00005B69FB607B681B689A697B681B6842F064
:106C100008029A617B681B689A697B681B6842F06E
:106C200010029A617B681B681A687B681B6822F0F7
:106C300001021A607B681B6819697B681A683C4B03
:106C40000B4013617B681B689A687B681B6822F4A1
:106C500040429A607B6893F88130DBB2042B14D0F9
:106C6000FB6803F02003002B0FD07B68D3F884303F
:106C700043F080027B68C3F884207B681B689A69B4
:106C80007B681B6842F020029A617B6893F8813030
:106C9000DBB2032B14D0FB6803F04003002B0FD0B2
:106CA0007B68D3F8843043F004027B68C3F8842007
:106CB0007B681B689A697B681B6842F040029A6196
:106CC000FB6803F40073002B0FD07B68D3F884308B
:106CD00043F001027B68C3F884207B681B689A69D3
:106CE0007B681B6842F400729A61FB6803F480734E
:106CF000002B0FD07B68D3F8843043F008027B6808
:106D0000C3F884207B681B689A697B681B6842F41F
:106D100080729A617B680022A3F862207B6800225F
:106D2000A3F86A2000BF1437BD465DF8047B7047A6
:106D300090FCFFFF80B584B000AFF860B9603B60A5
:106D40001346FB7110E0FBF7F7FF0246BB69D31A4D
:106D50003A689A4203D83B68B3F1FF3F02D13B68DF
:106D6000002B01D103230FE0FB681B685A69BB6845
:106D70001340BA689A420CBF01230023DBB21A46C3
:106D8000FB799A42DFD0002318461037BD4680BDFC
:106D900080B485B000AF78607B68DB6B5B09013342
:106DA000FB607B68DB680133BB60BB680733DB08D3
:106DB000BB60BB68FA6802FB03F318461437BD4694
:106DC0005DF8047B704780B582B000AF78607B6867
:106DD000002B01D1012349E07B6893F83D30DBB201
:106DE000002B06D17B68002283F83C207868FBF7F3
:106DF00083FC7B68022283F83D207B681A687B68ED
:106E000004331946104600F0D5FA7B68012283F856
:106E100048207B68012283F83E207B68012283F8AA
:106E20003F207B68012283F840207B68012283F8A1
:106E300041207B68012283F842207B68012283F88D
:106E400043207B68012283F844207B68012283F879
:106E500045207B68012283F846207B68012283F865
:106E600047207B68012283F83D200023184608371D
:106E7000BD4680BD80B485B000AF78607B6893F874
:106E80003D30DBB2012B01D0012354E07B680222AC
:106E900083F83D207B681B68DA687B681B6842F0DA
:106EA0000102DA607B681B68264A934222D07B6825
:106EB0001B68B3F1804F1DD07B681B68224A934248
:106EC00018D07B681B68214A934213D07B681B68EB
:106ED0001F4A93420ED07B681B681E4A934209D01A
:106EE0007B681B681C4A934204D07B681B681B4A62
:106EF000934215D17B681B689A68194B1340FB605D
:106F0000FB68062B15D0FB68B3F5803F11D07B687A
:106F10001B681A687B681B6842F001021A6008E06F
:106F20007B681B681A687B681B6842F001021A6064
:106F300000E000BF002318461437BD465DF8047B0F
:106F4000704700BF000001400004004000080040FE
:106F5000000C0040000401400018004000400140C7
:106F60000700010080B584B000AF78607B681B68C3
:106F7000DB68FB607B681B681B69BB60BB6803F058
:106F80000203002B20D0FB6803F00203002B1BD070
:106F90007B681B686FF002021A617B6801221A7716
:106FA0007B681B689B6903F00303002B03D07868A0
:106FB00000F0E2F905E0786800F0D4F9786800F0B4
:106FC000E5F97B6800221A77BB6803F00403002B05
:106FD00020D0FB6803F00403002B1BD07B681B68E8
:106FE0006FF004021A617B6802221A777B681B68C3
:106FF0009B6903F44073002B03D0786800F0BCF960
:1070000005E0786800F0AEF9786800F0BFF97B68B9
:1070100000221A77BB6803F00803002B20D0FB681E
:1070200003F00803002B1BD07B681B686FF008027D
:107030001A617B6804221A777B681B68DB6903F09E
:107040000303002B03D0786800F096F905E0786818
:1070500000F088F9786800F099F97B6800221A77C7
:10706000BB6803F01003002B20D0FB6803F0100373
:10707000002B1BD07B681B686FF010021A617B68C5
:1070800008221A777B681B68DB6903F44073002BC6
:1070900003D0786800F070F905E0786800F062F9D4
:1070A000786800F073F97B6800221A77BB6803F0F8
:1070B0000103002B0CD0FB6803F00103002B07D069
:1070C0007B681B686FF001021A617868FAF7BAFEF4
:1070D000BB6803F08003002B04D1BB6803F40053AA
:1070E000002B0CD0FB6803F08003002B07D07B68DB
:1070F0001B686FF402521A61786800F031FBBB68BC
:1071000003F48073002B0CD0FB6803F08003002B8A
:1071100007D07B681B686FF480721A61786800F092
:1071200029FBBB6803F04003002B0CD0FB6803F085
:107130004003002B07D07B681B686FF040021A6188
:10714000786800F02DF9BB6803F02003002B0CD009
:10715000FB6803F02003002B07D07B681B686FF0EF
:1071600020021A61786800F0F1FA00BF1037BD46BE
:1071700080BD000080B584B000AF78603960002326
:10718000FB737B6893F83C30012B01D10223DCE0D8
:107190007B68012283F83C207B68022283F83D2033
:1071A0007B681B689B68BB60BA686A4B1340BB6016
:1071B000BB6823F47F43BB607B681B68BA689A6036
:1071C0003B681B68644A934200F0A980624A93427C
:1071D00000F2AE80614A934200F0A1805F4A934280
:1071E00000F2A6805E4A934200F099805C4A934286
:1071F00000F29E80B3F1101F00F09180B3F1101FD8
:1072000000F29680B3F5801F00F08980B3F5801FEF
:1072100000F28E80B3F5005F3ED0B3F5005F00F260
:107220008780B3F5805F00F08680B3F5805F7FD8FC
:10723000702B1AD0702B7BD8602B50D0602B77D856
:10724000502B3CD0502B73D8402B58D0402B6FD8AC
:10725000302B64D0302B6BD8202B60D0202B67D8FC
:10726000002B5CD0102B5AD062E07B6818683B681A
:1072700099683B685A683B68DB6800F0B9F97B683D
:107280001B689B68BB60BB6843F07703BB607B688F
:107290001B68BA689A604FE07B6818683B68996819
:1072A0003B685A683B68DB6800F0A2F97B681B68A2
:1072B0009A687B681B6842F480429A603CE07B6875
:1072C00018683B6859683B68DB681A4600F012F999
:1072D0007B681B685021184600F06CF92CE07B6835
:1072E00018683B6859683B68DB681A4600F031F95A
:1072F0007B681B686021184600F05CF91CE07B6825
:1073000018683B6859683B68DB681A4600F0F2F879
:107310007B681B684021184600F04CF90CE07B6844
:107320001A683B681B681946104600F043F903E0F1
:107330000123FB7300E000BF7B68012283F83D203E
:107340007B68002283F83C20FB7B18461037BD4643
:1073500080BD00BF88FFCEFF40001000300010004D
:107360002000100080B483B000AF786000BF0C37FD
:10737000BD465DF8047B704780B483B000AF786091
:1073800000BF0C37BD465DF8047B704780B483B006
:1073900000AF786000BF0C37BD465DF8047B7047D6
:1073A00080B483B000AF786000BF0C37BD465DF895
:1073B000047B704780B485B000AF786039607B682B
:1073C0001B68FB607B68434A934213D07B68B3F130
:1073D000804F0FD07B68404A93420BD07B683F4A76
:1073E000934207D07B683E4A934203D07B683D4A74
:1073F000934208D1FB6823F07003FB603B685B6835
:10740000FA681343FB607B68324A93421FD07B6863
:10741000B3F1804F1BD07B682F4A934217D07B6813
:107420002E4A934213D07B682D4A93420FD07B683B
:107430002C4A93420BD07B682B4A934207D07B683F
:107440002A4A934203D07B68294A934208D1FB68B9
:1074500023F44073FB603B68DB68FA681343FB600E
:10746000FB6823F080023B685B691343FB603B6869
:107470009A687B68DA623B681A687B689A627B6804
:10748000144A93420FD07B68164A93420BD07B6814
:10749000154A934207D07B68144A934203D07B6815
:1074A000134A934203D13B681A697B681A637B686D
:1074B0001B6843F004027B681A607B6801225A61F2
:1074C0007B68FA681A6000BF1437BD465DF8047B1C
:1074D000704700BF00000140000400400008004069
:1074E000000C004000040140004001400044014005
:1074F0000048014080B487B000AFF860B9607A609E
:10750000FB681B6A7B61FB681B6A23F00102FB6856
:107510001A62FB689B693B613B6923F0F0033B61A6
:107520007B681B013A6913433B617B6923F00A03C3
:107530007B617A69BB6813437B61FB683A699A6136
:10754000FB687A691A6200BF1C37BD465DF8047B90
:10755000704780B487B000AFF860B9607A60FB68AC
:107560001B6A7B61FB681B6A23F01002FB681A62CE
:10757000FB689B693B613B6923F470433B617B681B
:107580001B033A6913433B617B6923F0A0037B61D2
:10759000BB681B017A6913437B61FB683A699A6196
:1075A000FB687A691A6200BF1C37BD465DF8047B30
:1075B0007047000080B485B000AF786039607B68A8
:1075C0009B68FB60FA68094B1340FB603A68FB68F4
:1075D000134343F00703FB607B68FA689A6000BFBF
:1075E0001437BD465DF8047B704700BF8FFFCFFFA7
:1075F00080B487B000AFF860B9607A603B60FB6828
:107600009B687B617B6923F47F437B613B681A0243
:107610007B681A43BB6813437A6913437B61FB6839
:107620007A699A6000BF1C37BD465DF8047B7047DD
:1076300080B485B000AF786039607B6893F83C30E7
:10764000012B01D102236DE07B68012283F83C20ED
:107650007B68022283F83D207B681B685B68FB60C7
:107660007B681B689B68BB607B681B68304A9342E1
:1076700004D07B681B682F4A934208D1FB6823F42F
:107680007003FB603B685B68FA681343FB60FB6850
:1076900023F07003FB603B681B68FA681343FB60D0
:1076A0007B681B68FA685A607B681B68204A9342B3
:1076B00022D07B681B68B3F1804F1DD07B681B68AC
:1076C0001D4A934218D07B681B681C4A934213D012
:1076D0007B681B681A4A93420ED07B681B68154A68
:1076E000934209D07B681B68164A934204D07B689A
:1076F0001B68154A93420CD1BB6823F08003BB6022
:107700003B689B68BA681343BB607B681B68BA68B8
:107710009A607B68012283F83D207B68002283F811
:107720003C20002318461437BD465DF8047B7047A3
:107730000000014000040140000400400008004037
:10774000000C0040001800400040014080B483B0AD
:1077500000AF786000BF0C37BD465DF8047B704712
:1077600080B483B000AF786000BF0C37BD465DF8D1
:10777000047B704780B483B000AF786000BF0C37E3
:10778000BD465DF8047B704780B582B000AF78607D
:107790007B68002B01D1012342E07B68D3F888305D
:1077A000002B06D17B68002283F884207868FAF7E2
:1077B000C9FF7B682422C3F888207B681B681A688D
:1077C0007B681B6822F001021A607B689B6A002BB1
:1077D00002D0786800F0E6FE786800F07BF9034696
:1077E000012B01D101231BE07B681B685A687B6871
:1077F0001B6822F490425A607B681B689A687B6819
:107800001B6822F02A029A607B681B681A687B68F2
:107810001B6842F001021A60786800F065FF0346B9
:1078200018460837BD4680BD80B58AB002AFF86003
:10783000B9603B601346FB80FB68D3F88830202B8F
:107840007BD1BB68002B02D0FB88002B01D1012328
:1078500074E0FB680022C3F89020FB682122C3F883
:107860008820FBF769FA7861FB68FA88A3F854204E
:10787000FB68FA88A3F85620FB689B68B3F5805F25
:1078800008D1FB681B69002B04D10023FB61BB6896
:10789000BB6103E0BB68FB610023BB6130E03B6878
:1078A00000937B6900228021F86800F0C7FF03463F
:1078B000002B05D0FB682022C3F8882003233DE07D
:1078C000FB69002B0BD1BB691B881A46FB681B6840
:1078D000C2F308029A62BB690233BB6107E0FB692D
:1078E0001A78FB681B689A62FB690133FB61FB68CD
:1078F000B3F856309BB2013B9AB2FB68A3F856200E
:10790000FB68B3F856309BB2002BC8D13B6800939C
:107910007B6900224021F86800F090FF0346002BAD
:1079200005D0FB682022C3F88820032306E0FB680B
:107930002022C3F88820002300E0022318462037C5
:10794000BD4680BD80B58AB002AFF860B9603B60CB
:107950001346FB80FB68D3F88C30202B40F0B580B9
:10796000BB68002B02D0FB88002B01D10123ADE0C6
:10797000FB680022C3F89020FB682222C3F88C2009
:10798000FB680022DA66FBF7D7F97861FB68FA88B2
:10799000A3F85C20FB68FA88A3F85E20FB689B686C
:1079A000B3F5805F0ED1FB681B69002B05D1FB6826
:1079B00040F2FF12A3F860202DE0FB68FF22A3F83D
:1079C000602028E0FB689B68002B0DD1FB681B69D9
:1079D000002B04D1FB68FF22A3F860201BE0FB68AA
:1079E0007F22A3F8602016E0FB689B68B3F1805FFC
:1079F0000DD1FB681B69002B04D1FB687F22A3F823
:107A0000602008E0FB683F22A3F8602003E0FB68E9
:107A10000022A3F86020FB68B3F860307B82FB682B
:107A20009B68B3F5805F08D1FB681B69002B04D10C
:107A30000023FB61BB68BB6103E0BB68FB61002303
:107A4000BB6136E03B6800937B6900222021F86827
:107A500000F0F4FE0346002B05D0FB682022C3F89B
:107A60008C20032332E0FB69002B0CD1FB681B68E0
:107A70005B6A9AB27B8A13409AB2BB691A80BB696F
:107A80000233BB610CE0FB681B685B6ADAB27B8A7D
:107A9000DBB21340DAB2FB691A70FB690133FB6198
:107AA000FB68B3F85E309BB2013B9AB2FB68A3F867
:107AB0005E20FB68B3F85E309BB2002BC2D1FB683E
:107AC0002022C3F88C20002300E002231846203730
:107AD000BD4680BD2DE9B04F92B000AF7861002364
:107AE00087F842307B699A687B691B691A437B6916
:107AF0005B691A437B69DB6913437B647B691B68A1
:107B00001A68BE4B13407A691268796C0B43136094
:107B10007B691B685B6823F440517B69DA687B6989
:107B20001B680A435A607B699B697B647B691B689D
:107B3000B34A934204D07B691B6A7A6C13437B641B
:107B40007B691B689A68AF4B13407A691268796C3D
:107B50000B4393607B691B68DB6A23F00F017B6931
:107B60005A6A7B691B680A43DA627B691B68A64A0A
:107B7000934277D1A54B5B6D03F03803282B6DD86A
:107B800001A252F823F000BF2D7C00085D7C0008A4
:107B90005D7C00085D7C00085D7C00085D7C000861
:107BA0005D7C00085D7C0008357C00085D7C000879
:107BB0005D7C00085D7C00085D7C00085D7C000841
:107BC0005D7C00085D7C00083D7C00085D7C000851
:107BD0005D7C00085D7C00085D7C00085D7C000821
:107BE0005D7C00085D7C0008457C00085D7C000829
:107BF0005D7C00085D7C00085D7C00085D7C000801
:107C00005D7C00085D7C00084D7C00085D7C000800
:107C10005D7C00085D7C00085D7C00085D7C0008E0
:107C20005D7C00085D7C0008557C0008012387F816
:107C3000433022E2042387F843301EE2082387F80A
:107C400043301AE2102387F8433016E2202387F8E6
:107C5000433012E2402387F843300EE2802387F856
:107C600043300AE27B691B68694A934230D1674B13
:107C70005B6D03F00703052B26D801A252F823F011
:107C8000997C0008A17C0008A97C0008B17C000850
:107C9000B97C0008C17C0008002387F84330ECE180
:107CA000042387F84330E8E1082387F84330E4E110
:107CB000102387F84330E0E1202387F84330DCE1EC
:107CC000402387F84330D8E1802387F84330D4E15C
:107CD0007B691B684F4A934230D14C4B5B6D03F07C
:107CE0000703052B26D801A252F823F0057D0008D2
:107CF0000D7D0008157D00081D7D0008257D00080C
:107D00002D7D0008002387F84330B6E1042387F86F
:107D10004330B2E1082387F84330AEE1102387F8FF
:107D20004330AAE1202387F84330A6E1402387F8B7
:107D30004330A2E1802387F843309EE17B691B68D2
:107D4000354A934230D1314B5B6D03F00703052B6D
:107D500026D801A252F823F0717D0008797D000831
:107D6000817D0008897D0008917D0008997D0008CB
:107D7000002387F8433080E1042387F843307CE117
:107D8000082387F8433078E1102387F8433074E103
:107D9000202387F8433070E1402387F843306CE1BB
:107DA000802387F8433068E17B691B681B4A934254
:107DB00042D1164B5B6D03F00703052B38D801A2A7
:107DC00052F823F0DD7D0008E57D0008ED7D000818
:107DD000F57D0008217E0008297E0008002387F831
:107DE00043304AE1042387F8433046E1082387F80B
:107DF000433042E1102387F843303EE1F369FFCF7F
:107E0000000C0058FFF4FF1100100140004402581C
:107E10000044004000480040004C0040005000403A
:107E2000202387F8433028E1402387F8433024E1BA
:107E3000802387F8433020E17B691B68CB4A93425B
:107E400076D1CB4B5B6D03F03803282B6CD801A2A5
:107E500052F823F0F97E0008297F0008297F0008E6
:107E6000297F0008297F0008297F0008297F000852
:107E7000297F0008017F0008297F0008297F00086A
:107E8000297F0008297F0008297F0008297F000832
:107E9000297F0008097F0008297F0008297F000842
:107EA000297F0008297F0008297F0008297F000812
:107EB000297F0008117F0008297F0008297F00081A
:107EC000297F0008297F0008297F0008297F0008F2
:107ED000297F0008197F0008297F0008297F0008F2
:107EE000297F0008297F0008297F0008297F0008D2
:107EF000297F0008217F0008012387F84330BCE078
:107F0000042387F84330B8E0082387F84330B4E00F
:107F1000102387F84330B0E0202387F84330ACE0EB
:107F2000402387F84330A8E0802387F84330A4E05B
:107F30007B691B688F4A934230D18D4B5B6D03F098
:107F40000703052B26D801A252F823F0657F00080D
:107F50006D7F0008757F00087D7F0008857F000821
:107F60008D7F0008002387F8433086E0042387F8DC
:107F7000433082E0082387F843307EE0102387F8FF
:107F800043307AE0202387F8433076E0402387F8B7
:107F9000433072E0802387F843306EE07B691B68D2
:107FA000754A934230D1724B5B6D03F00703052B8A
:107FB00026D801A252F823F0D17F0008D97F00080B
:107FC000E17F0008E97F0008F17F0008F97F0008E1
:107FD000002387F8433050E0042387F843304CE017
:107FE000082387F8433048E0102387F8433044E003
:107FF000202387F8433040E0402387F843303CE0BB
:10800000802387F8433038E07B691B685B4A9342E2
:1080100030D1574B9B6D03F00703052B26D801A2E7
:1080200052F823F03D800008458000084D8000088C
:10803000558000085D80000865800008022387F8ED
:1080400043301AE0042387F8433016E0082387F80A
:10805000433012E0102387F843300EE0202387F8E6
:1080600043300AE0402387F8433006E0802387F856
:10807000433002E0802387F843307B691B683F4A26
:10808000934240F0F88097F84330202B46DC022BD7
:10809000C0F28280023B1E2B7ED801A252F823F050
:1080A00023810008998100082B810008998100082C
:1080B00099810008998100083B8100089981000896
:1080C0009981000899810008998100089981000828
:1080D00099810008998100084B8100089981000866
:1080E0009981000899810008998100089981000808
:1080F00099810008998100089981000899810008F8
:1081000099810008998100089981000899810008E7
:1081100099810008998100088B810008402B37D095
:108120003AE0FDF7C1FBF8633CE007F12403184691
:10813000FDF7D0FBBB6AFB6334E007F11803184678
:10814000FDF71CFDFB69FB632CE0094B1B6803F08A
:108150002003002B16D0064B1B68DB0803F003033B
:10816000074A22FA03F3FB631CE000BF001401403E
:108170000044025800780040007C0040000C005889
:108180000090D0039D4BFB630CE09D4BFB6309E02B
:108190004FF40043FB6305E00023FB63012387F8F2
:1081A000423000BFFB6B002B00F0DE817B695B6A15
:1081B000944A32F813301A46FB6BB3FBF2F33B637D
:1081C0007B695A6813465B0013443A6B9A4205D3A5
:1081D0007B695B681B033A6B9A4203D9012387F8DA
:1081E0004230C1E1FB6B0022BB60FA607B695B6AD5
:1081F000844A32F813309BB200223B607A60D7E9A0
:108200000023D7E90201F8F77FFA02460B46104631
:1082100019464FF000024FF000030B0243EA1063CF
:10822000020279694968490800200C46054612EBAC
:10823000040843EB05097B695B6800229A46934674
:1082400052465B4640464946F8F75EFA02460B4600
:108250001346BB63BB6BB3F5407F08D3BB6BB3F571
:10826000801F04D27B691B68BA6BDA607CE1012352
:1082700087F8423078E17B69DB69B3F5004F40F065
:10828000C58097F84330202B48DC002B7BDB202B6C
:1082900079D801A252F823F0238300082B83000829
:1082A00087830008878300083383000887830008DA
:1082B00087830008878300084383000887830008BA
:1082C0008783000887830008878300088783000866
:1082D000878300088783000853830008878300088A
:1082E0008783000887830008878300088783000846
:1082F0008783000887830008878300088783000836
:108300008783000887830008878300088783000825
:10831000878300088783000879830008402B2ED0CC
:1083200031E0FCF78BF8F86333E0FCF79DF8F86375
:108330002FE007F124031846FDF7CCFABB6AFB6374
:1083400027E007F118031846FDF718FCFB69FB63EB
:108350001FE02D4B1B6803F02003002B09D02A4B94
:108360001B68DB0803F00303244A22FA03F3FB63D0
:108370000FE0224BFB630CE0214BFB6309E04FF461
:108380000043FB6305E00023FB63012387F84230D1
:1083900000BFFB6B002B00F0E7807B695B6A194A2A
:1083A00032F813301A46FB6BB3FBF2F35A007B69C9
:1083B0005B685B081A447B695B68B2FBF3F3BB63E1
:1083C000BB6B0F2B16D9BB6BB3F5803F12D2BB6BC7
:1083D0009BB223F00F03FB86BB6B5B089BB203F0E1
:1083E00007039AB2FB8E1343FB867B691B68FA8EE8
:1083F000DA60B9E0012387F84230B5E00090D0039D
:1084000000093D0090DC00080044025897F8433012
:10841000202B49DC002B7CDB202B7AD801A252F8E0
:1084200023F000BFAF840008B7840008138500085C
:1084300013850008BF840008138500081385000811
:1084400013850008CF8400081385000813850008F1
:10845000138500081385000813850008138500089C
:1084600013850008DF8400081385000813850008C1
:10847000138500081385000813850008138500087C
:10848000138500081385000813850008138500086C
:10849000138500081385000813850008138500085C
:1084A0001385000805850008402B2ED031E0FBF72E
:1084B000C5FFF86333E0FBF7D7FFF8632FE007F160
:1084C00024031846FDF706FABB6AFB6327E007F1B1
:1084D00018031846FDF752FBFB69FB631FE02D4BA9
:1084E0001B6803F02003002B09D02A4B1B68DB0814
:1084F00003F00303284A22FA03F3FB630FE0264B41
:10850000FB630CE0254BFB6309E04FF40043FB6386
:1085100005E00023FB63012387F8423000BFFB6BBB
:10852000002B21D07B695B6A1D4A32F813301A4652
:10853000FB6BB3FBF2F27B695B685B081A447B69F7
:108540005B68B2FBF3F3BB63BB6B0F2B09D9BB6B4F
:10855000B3F5803F05D2BB6B9AB27B691B68DA60CA
:1085600002E0012387F842307B690122A3F86A20E8
:108570007B690122A3F868207B6900225A677B6926
:1085800000229A6797F8423018464837BD46BDE842
:10859000B08F00BF004402580090D00300093D0096
:1085A00090DC000880B483B000AF78607B689B6A81
:1085B00003F00803002B0AD07B681B685B6823F478
:1085C00000417B689A6B7B681B680A435A607B6832
:1085D0009B6A03F00103002B0AD07B681B685B6871
:1085E00023F400317B68DA6A7B681B680A435A60AF
:1085F0007B689B6A03F00203002B0AD07B681B6830
:108600005B6823F480317B681A6B7B681B680A43C4
:108610005A607B689B6A03F00403002B0AD07B68D6
:108620001B685B6823F480217B685A6B7B681B683E
:108630000A435A607B689B6A03F01003002B0AD040
:108640007B681B689B6823F480517B68DA6B7B68CE
:108650001B680A439A607B689B6A03F02003002B27
:108660000AD07B681B689B6823F400517B681A6CF6
:108670007B681B680A439A607B689B6A03F040032F
:10868000002B1AD07B681B685B6823F480117B6821
:108690005A6C7B681B680A435A607B685B6CB3F555
:1086A000801F0AD17B681B685B6823F4C0017B686C
:1086B0009A6C7B681B680A435A607B689B6A03F06C
:1086C0008003002B0AD07B681B685B6823F40021C1
:1086D0007B68DA6C7B681B680A435A6000BF0C3702
:1086E000BD465DF8047B704780B598B002AF7860F6
:1086F0007B680022C3F89020FAF71EFB78657B6840
:108700001B681B6803F00803082B2FD16FF07E4312
:1087100000937B6D00224FF40011786800F08EF812
:108720000346002B22D07B681B68BB63BB6B53E8FE
:10873000003F7B637B6B23F080033B657B681B689A
:108740001A463B6D7B643A64396C7A6C41E80023CD
:10875000FB63FB6B002BE6D17B682022C3F88820EB
:108760007B68002283F88420032363E07B681B6816
:108770001B6803F00403042B49D16FF07E43009380
:108780007B6D00224FF48001786800F057F80346B3
:10879000002B3CD07B681B687B627B6A53E8003F00
:1087A0003B623B6A23F49073FB647B681B681A4648
:1087B000FB6C3B63FA62F96A3A6B41E80023BB62E7
:1087C000BB6A002BE6D17B681B6808333B613B69C1
:1087D00053E8003FFB60FB6823F00103BB647B6848
:1087E0001B680833BA6CFA61BB61B969FA6941E880
:1087F00000237B617B69002BE5D17B682022C3F8D5
:108800008C207B68002283F88420032312E07B689D
:108810002022C3F888207B682022C3F88C207B6844
:108820000022DA667B6800221A677B68002283F8E0
:108830008420002318465837BD4680BD80B584B0DB
:1088400000AFF860B9603B601346FB714FE0BB6955
:10885000B3F1FF3F4BD0FAF76FFA02463B68D31AE9
:10886000BA699A4202D3BB69002B01D103234EE0BF
:10887000FB681B681B6803F00403002B37D0BB6840
:10888000802B34D0BB68402B31D0FB681B68DB6980
:1088900003F00803082B10D1FB681B6808221A623A
:1088A000F86800F039F8FB680822C3F89020FB68EC
:1088B000002283F88420012329E0FB681B68DB6920
:1088C00003F40063B3F5006F11D1FB681B684FF42C
:1088D00000621A62F86800F01FF8FB682022C3F8F3
:1088E0009020FB68002283F8842003230FE0FB68BC
:1088F0001B68DA69BB681340BA689A420CBF01234F
:108900000023DBB21A46FB799A42A0D00023184616
:108910001037BD4680BD000080B495B000AF7860D0
:108920007B681B687B637B6B53E8003F3B633B6B5F
:1089300023F49073FB647B681B681A46FB6C3B64F2
:10894000FA63F96B3A6C41E80023BB63BB6B002B05
:10895000E6D17B681B6808333B623B6A53E8003F03
:10896000FB61FA691E4B1340BB647B681B680833CC
:10897000BA6CFA62BB62B96AFA6A41E800237B62A8
:108980007B6A002BE5D17B68DB6E012B18D17B68FD
:108990001B68FB60FB6853E8003FBB60BB6823F0CB
:1089A00010037B647B681B681A467B6CBB617A6131
:1089B0007969BA6941E800233B613B69002BE6D144
:1089C0007B682022C3F88C207B680022DA667B68F3
:1089D00000225A6700BF5437BD465DF8047B7047DC
:1089E000FEFFFFEF80B485B000AF78607B6893F83E
:1089F0008430012B01D1022327E07B68012283F818
:108A000084207B682422C3F888207B681B681B684D
:108A1000FB607B681B681A687B681B6822F0010298
:108A20001A60FB6823F00053FB607B6800225A66E3
:108A30007B681B68FA681A607B682022C3F888206C
:108A40007B68002283F88420002318461437BD4633
:108A50005DF8047B704780B584B000AF7860396002
:108A60007B6893F88430012B01D102232DE07B68D1
:108A7000012283F884207B682422C3F888207B6845
:108A80001B681B68FB607B681B681A687B681B6837
:108A900022F001021A607B681B689B6823F060412A
:108AA0007B681B683A680A439A60786800F050F85F
:108AB0007B681B68FA681A607B682022C3F88820EC
:108AC0007B68002283F88420002318461037BD46B7
:108AD00080BD80B584B000AF786039607B6893F862
:108AE0008430012B01D102232DE07B68012283F821
:108AF00084207B682422C3F888207B681B681B685D
:108B0000FB607B681B681A687B681B6822F00102A7
:108B10001A607B681B689B6823F060617B681B6838
:108B20003A680A439A60786800F012F87B681B681C
:108B3000FA681A607B682022C3F888207B680022CC
:108B400083F88420002318461037BD4680BD0000FE
:108B500080B485B000AF78607B685B6E002B08D175
:108B60007B680122A3F86A207B680122A3F86820B1
:108B700031E01023FB731023BB737B681B689B6879
:108B80005B0EDBB203F007037B737B681B689B689B
:108B90005B0FDBB203F007033B73BB7B3A7B1149EE
:108BA0008A5C02FB03F33A7B0F498A5C93FBF2F386
:108BB0009AB27B68A3F86A20FB7B7A7B09498A5CBE
:108BC00002FB03F37A7B08498A5C93FBF2F39AB2C7
:108BD0007B68A3F8682000BF1437BD465DF8047BAE
:108BE000704700BFA8DC0008B0DC0008F0B52DED30
:108BF000028BB0EE408B85B017460D9D0C9E18EE93
:108C0000902A25F02005002AB6BF2D220022B1EEC1
:108C1000408B462D0C461A7004D0452D00D10134EE
:108C2000022100E0032103AB019302AB0093224633
:108C30003346B0EE480B01F057FE472D14D1FB0729
:108C40000AD50219B5EE408BF1EE10FA08BF039277
:108C50003021039B934219D3039B0E9A1B1A136076
:108C600005B0BDEC028BF0BD462D00EB0402E9D14E
:108C70000378302B07D1B5EE408BF1EE10FA1CBF14
:108C8000C4F10104346033681A44DBE75C1C0394CC
:108C90001970DEE7F7B50029BABF49422D232B230F
:108CA00009290270437029DD0DF107031D460A27CB
:108CB0001A46B1FBF7F607FB1614303402F8014CE4
:108CC0000C46632C03F1FF333146F1DC3031941E46
:108CD00003F8011C411C2346AB420AD30DF10903E2
:108CE0009B1AAC4288BF002302330344181A03B016
:108CF000F0BD13F8016B01F8016FEDE7302330315F
:108D00008370C170031DF1E72DE9F04F8DB00C4663
:108D1000DDF8588016461F46054601F03BFDD0F8A9
:108D200000B05846F7F72CFB00230A93D8F8003020
:108D300094F8189022680590073323F0070303F195
:108D40000801C8F8001093ED000B9FED976BB0EE93
:108D5000C07BB4EE467BF1EE10FA84ED120B24DDFD
:108D6000B5EEC00BF1EE10FA02D52D2384F8433096
:108D70008F49904BB9F1470F8CBF8846984622F037
:108D800004020323236122604FF0000A0097334658
:108D90000BAA2146284600F0D1F9013040F0898025
:108DA0004FF0FF300DB0BDE8F08FB4EE400BF1EEA8
:108DB00010FA09D710EE903A002BBCBF2D2384F88F
:108DC00043307D497D4BD5E76368591C09F0DF0AC4
:108DD00039D10623636042F480620023226003934A
:108DE0000AABCDE9019309AB009361680DF1230350
:108DF0002846FFF7FBFEBAF1470F0999804629D1B3
:108E0000C81C02DB6368994241DDA9F102095FFADF
:108E100089F901394A4604F150000991FFF73AFFF8
:108E20000A9A1318012A8246236102DC2268D207BB
:108E300001D5013323619DF82330002BA6D02D23CB
:108E400084F84330A2E7BAF1470FC4D1002BC2D156
:108E50000123BFE7B9F1650FDBD9B9F1660F18D16E
:108E6000002963680BDD216113B92268D00702D5A0
:108E700001330B442361A1654FF0000ADBE713B90E
:108E80002268D20701D50233F4E70123F2E74FF05D
:108E900067090A9B994205DB23682161D807EAD557
:108EA0004B1CE7E70029D4BFC1F1020201221344A1
:108EB000E0E723685A0507D423694246314628462D
:108EC000B84701302AD16BE7B9F1650F40F2E08075
:108ED00094ED127BB5EE407BF1EE10FA33D1384AB7
:108EE000012331462846B84701303FF459AFDDE948
:108EF0000938434502DB2368D8070FD5059B5A463E
:108F000031462846B84701303FF44AAF4FF00009D8
:108F100008F1FF3804F11A0AC84509DC23689B07E9
:108F200000F10781E0680B9B9842B8BF184639E70B
:108F30000123524631462846B84701303FF430AF4E
:108F400009F10109E8E7099B002B3BDC1C4A0123DE
:108F500031462846B84701303FF422AFDDE90939F0
:108F600059EA030302D12368D907D7D5059B5A468E
:108F700031462846B84701303FF412AF4FF0000A9F
:108F800004F11A0B099B5B42534501DC4B4694E705
:108F900001235A4631462846B84701303FF400AF16
:108FA0000AF1010AEEE700BFFFFFFFFFFFFFEF7FBF
:108FB000BCDC0008B8DC0008C4DC0008C0DC000829
:108FC000C8DC0008A36DDDF828A05345A8BF5346B0
:108FD000002B994637DC0023079329EAE97904F14D
:108FE0001A02A36D07990693A3EB09038B4231DCA8
:108FF000099B9A453BDC2368DA0738D4099BAAEB26
:109000000309069BAAEB03039945A8BF9946B9F14A
:10901000000F34DC4FF0000829EAE97904F11A0B5B
:10902000099BAAEB0303A3EB090343457FF776AF44
:1090300001235A4631462846B84701303FF4B0AEC6
:1090400008F10108ECE7424631462846B8470130AE
:10905000C1D1A5E60123314628460692B847013022
:109060003FF49EAE079B069A01330793B9E7059B31
:109070005A4631462846B8470130BFD190E6069A95
:109080004B46424431462846B8470130C2D187E6B4
:10909000DDF82890B9F1010F01DCDB0736D501239B
:1090A000424631462846B84701303FF479AE059B29
:1090B0005A4631462846B84701303FF471AE94ED28
:1090C000127BB5EE407BF1EE10FA09F1FF3918D0B2
:1090D0004B4608F1010231462846B84701300CD111
:1090E0005EE601235A4631462846B84701303FF430
:1090F00057AE08F10108C845F3DB534604F15002AE
:10910000DCE64FF0000804F11A0BF4E701234246B5
:10911000E1E701234A4631462846B84701303FF48B
:109120003FAE08F10108E3680B995B1A4345F0DC98
:10913000F8E64FF0000804F11909F4E72DE9F047CB
:10914000164698468A680B69DDF820909342B8BFAE
:109150001346336091F8432007460C460AB10133A9
:1091600033602368990642BF336802333360256851
:1091700015F0060506D104F1190AE36832689B1A56
:10918000AB4226DC94F843302268003B18BF012331
:1091900092062BD404F1430241463846C8470130B9
:1091A0001ED02368226903F00603042B02BFE56882
:1091B0003368ED1AA3680CBF25EAE57500259342D4
:1091C000C4BF9B1AED1800261A34B5421AD10020EC
:1091D00008E00123524641463846C847013003D1D2
:1091E0004FF0FF30BDE8F0870135C6E7E1185A1CA3
:1091F000302081F84300224494F8451082F843104F
:109200000233C7E70123224641463846C8470130AA
:10921000E6D00136D9E700002DE9FF470F7E0C9E0E
:10922000782F914680460C469A4601F1430207D8B2
:10923000622F0AD8002F00F0D180582F00F0B8809C
:1092400004F1420684F842703AE0A7F16303152B5B
:10925000F6D801A151F823F0B1920008C592000898
:109260004192000841920008419200084192000892
:10927000C5920008419200084192000841920008FE
:1092800041920008C3930008EF9200087D93000804
:109290004192000841920008E593000841920008BD
:1092A000EF9200084192000841920008859300085F
:1092B00033681A1D1B68326004F1420684F842309C
:1092C00001239CE033682068191D3160060601D532
:1092D0001D6803E04506FBD5B3F90050002D03DA05
:1092E0002D236D4284F8433058480A2311E0216849
:1092F0003368080653F8045B02D4490648BFADB290
:109300006F2F5248336014BF0A230823002184F8CA
:1093100043106668A660002E05DB21682E4321F00D
:10932000040121604BD01646B5FBF3F103FB115746
:10933000C75D06F8017D2F46BB420D46F4D9082BC8
:109340000BD12368DF0708D5236961689942DEBF26
:10935000302306F8013C06F1FF36921B2261CDF85E
:1093600000A04B4603AA21464046FFF7E7FE013026
:109370004AD14FF0FF3004B0BDE8F087236843F0D6
:10938000200323603248782784F8457023683168C9
:109390001F0651F8045B02D45F0648BFADB23160CE
:1093A000D90744BF43F0200323601DB11023ADE76C
:1093B0002648E9E7236823F020032360F6E71646F2
:1093C000BDE7336825686169181D30602E061B688B
:1093D00001D5196002E06806FBD5198000232361DE
:1093E0001646BCE733681A1D32601E6862680021A9
:1093F0003046F6F775FF08B1801B60606368236133
:10940000002384F84330AAE72369324649464046A0
:10941000D0470130ADD023689B0713D4E068039B8D
:109420009842B8BF1846A6E701233246494640464F
:10943000D04701309DD00135E36803995B1AAB42F8
:10944000F2DCEBE7002504F11906F5E7CADC0008B9
:10945000DBDC00082DE9F04F87B0914603938B6861
:109460005A1EB2F5AE7F81BF6FF4AE7503EB050BEC
:1094700040F25D138B600B680A464FF0000543F421
:10948000F06342F81C3BCDE9045580460C4698BF7A
:109490004FF0000B01921646AA462F460295A2688D
:1094A0005AB1D9F800301B784E2B63D8402B3BD8EB
:1094B000A3F12B01C8B20E2839D91FB1236823F4B8
:1094C000807323600AF1FF3ABAF1010F00F21481B0
:1094D000019B9E4200F20581012007B0BDE8F08F9C
:1094E000A3F161020D2AE8D801A151F822F000BFD2
:1094F00039960008BB940008BB940008BB94000890
:10950000959600086F960008BB940008BB9400086D
:1095100047960008BB940008BB940008BB94000861
:10952000BB94000803960008A3F14102DAE70E2974
:10953000C3D801A050F821F0F3950008BB940008AF
:10954000F395000883960008BB94000895950008E1
:10955000D9950008D9950008D9950008D995000833
:10956000D9950008D9950008D9950008D995000823
:10957000D99500086E2B09D8602BB1D8542B7BD01D
:10958000592B9AD1072D98D108252FE0742B73D031
:10959000792BF6E72168C8051ED521F080012160EE
:1095A0000137BBF1000F03D001320BF1FF3BA2608A
:1095B000A368013BA360236901332361D9F8043018
:1095C000013B002BC9F8043040F38280D9F8003009
:1095D0000133C9F8003062E71AEB05017FF46DAF83
:1095E000226822F4C07222600D468A4606F8013BCA
:1095F000DEE7226810067FF560AF22F0800222606D
:10960000F4E7BAF1000F0CD177B9226802F4E061F7
:10961000B1F5E06F08D122F4F06222604FF0010A48
:10962000E4E7BAF1020F50D0012D02D0042D7FF4EF
:1096300044AF0135EDB2D9E7BAF1010F7FF43DAF88
:109640004FF0020AD2E775B9002F7FF437AF2268D6
:1096500002F4E061B1F5E06F40F0FC8022F4F062CA
:1096600022600125C2E7032DE3D0052DDFE7022D9F
:109670007FF423AF0325B9E7062D7FF41EAF07253E
:10968000B4E7226891057FF518AF22F420722260BA
:109690000297ABE7226802F4A061B1F5806F05D0B4
:1096A00050057FF50AAF002F00F0D480910558BF18
:1096B000029922F4F06258BF791A42F4C07258BF7E
:1096C000CDE904162260002790E74FF0030A8DE7EA
:1096D000D4F8803149464046984700283FF4DFAE31
:1096E000EBE6D4F87C3116F8011D4A46404698470F
:1096F0002369013B2361EBE66B1E062B24D8022D68
:1097000036D8019B9E427FF6E7AED4F87C3116F83E
:10971000011D4A46404698472369013B2361F0E713
:10972000D4F87C311BF8011D4A464046984723690E
:10973000013B23610AF1FF3A5FFA8AFABAF1020F9C
:10974000EED1033DEDB2761B2368DA0530D55B051B
:1097500011D5019B9E427FF6BFAED4F87C3116F83E
:10976000011D4A46404698472369013B2361F0E7C3
:10977000AA46B346DEE716F8011C2369652903F102
:10978000FF3306F1FF3523610CD045290AD0D4F808
:109790007C314A4640469847236916F8021C013B33
:1097A000B51E2361D4F87C314A46404698472E4680
:1097B000226812F0100201D000208EE63270236879
:1097C00003F4C063B3F5806F23D1029B9F420AD09C
:1097D000DA1B04F26F139E4228BF04F5B7761E49C8
:1097E000304600F073F801990022404600F0EAFE8E
:1097F000039B21681B6811F0020F03F1040215D0CE
:1098000003990A601B6883ED000BE3680133E36092
:10981000D2E7049B002BE6D005990A23013140468C
:1098200000F050FF049B059EC21AD2E711F0040F0E
:1098300003990A60E6D1B4EE400BF1EE10FA1D6810
:1098400005D7064800F0C0FF85ED000ADDE7B7EE5A
:10985000C00BF9E7002735E6ECDC00088DDE0008D8
:109860000CB430B5184B0C1E1D689DB008DA8B2364
:109870002B604FF0FF301DB0BDE8304002B07047A4
:109880004FF40273ADF814304FF000031B9314BF74
:1098900004F1FF332346049307934FF6FF730290BE
:1098A0000690ADF81630209A21AB02A92846019304
:1098B00002F00CF9431CBCBF8B232B60002CDAD0C8
:1098C000029B00221A70D6E78C0100240EB410B55A
:1098D0009DB01FAB029006906FF000410A480791BF
:1098E00004910A4953F8042B0591002402A9006849
:1098F00001931B9402F0EAF8029B1C701DB0BDE8B6
:10990000104003B0704700BF8C0100240802FFFF25
:10991000002310B50446C0E90033C0E90433836076
:1099200081814366C2818361194608225C3000F060
:10993000E9FE0D4B63620D4BA3620D4BE3620D4BD1
:1099400023630D4B24629C4206D003F168029442CB
:1099500002D0D0339C4205D104F15800BDE810403C
:1099600000F014BF10BD00BFFBC800081DC90008EF
:1099700055C9000879C90008B8050024024A0349FE
:10998000034800F0A1BE00BF1400002445BF00083A
:109990009001002441680C4B994210B5044601D057
:1099A00002F0D0FAA168094B994202D0204602F099
:1099B000C9FAE168064B994204D02046BDE8104040
:1099C00002F0C0BA10BD00BFB80500242006002474
:1099D0008806002410B50B4B0B4C0C4A1A6020462D
:1099E00000220421FFF794FF04F1680001220921FD
:1099F000FFF78EFF04F1D0000222BDE810401221D3
:109A0000FFF786BFF0060024B80500247D99000802
:109A1000014800F0BCBE00BFF5060024014800F07C
:109A2000B7BE00BFF506002410B50446FFF7F0FFEF
:109A3000236A1BB1BDE81040FFF7F0BF044B23625F
:109A4000044B1B68002BF5D1FFF7C4FFF2E700BF02
:109A500095990008F006002470B504460D46164698
:109A600045EC104B02F00EFE7EB1C5F30A53C3F174
:109A70006B03002B09DD1B0503F17F51002001F56D
:109A8000401141EC170B20EE070B70BD00000000E9
:109A90002DE9F04F2DED0A8B97B088460E920022EB
:109AA000129205904FF0000A4FF0000B0A461192F7
:109AB00011782B294CD039D80D2933D8082933D81F
:109AC00000293CD000220892119D2A78302A40F0CB
:109AD000B7806A7802F0DF02582A70D10293089B9F
:109AE000019312AB0093904A059813AB11A901F0B2
:109AF000C1FC10F00F06044605D0062E2AD1013510
:109B00000023119508930E9B002B40F03785089B8E
:109B10004BEC10ABCBB1B1EE400B17B0BDEC0A8BE8
:109B2000BDE8F08F2029CDD10132C0E72D29C9D160
:109B300001210891511C11915278002AC4D10E9B29
:109B4000CDF84480002B40F017854BEC10ABE4E7D8
:109B50000021EEE7129A3AB1352114A802F089FEED
:109B60001299059802F062FA731E139A042B06D814
:109B7000DFE803F014031D201400DDE914ABE30556
:109B800048BF4BF0004B2BF000431B0D1B05002B77
:109B9000B9D100F0D1FD22230360B4E7DDE914A3BD
:109BA00002F2334223F4801343EA025BE7E7DFF873
:109BB00080B1E4E76FF0004B4FF0FF3ADFE7119B15
:109BC0005A1C11925B78302BF9D0002B9BD00123CB
:109BD0000793119B0A930023069399461D460A2278
:109BE00011980478A4F13003D9B209292AD94F4930
:109BF000012200F08FFD98B3002022462B46074635
:109C00000146652A01D0452A18D11BB9079B034399
:109C100095D00023DDF8448008F10102119298F8F4
:109C200001202B2A74D02D2A7AD04FF0000EA2F1F9
:109C30003004092C40F28280CDF8448000249DE05D
:109C40000023C5E7082DC8BF069900F10100CABF6F
:109C500002FB013302FB0939069301351190BFE77E
:109C6000119B5A1C11925A78BDB307462B46A2F19C
:109C70003001092912D90121C3E7119B5A1C119205
:109C80005A780130302AF8D0A2F13103082B00F2C3
:109C90007A84119B0A93074600200346303A00F16C
:109CA000010114D00F449C464FF00A0E0CF1010440
:109CB000E61AB14213DC20EAE0701918082903F112
:109CC0000103034419DC0A2101FB09290021119A2F
:109CD000501C119052780846C9E72846D2E7BCF1DB
:109CE000080F03DC0EFB09F9A446DFE7102CDEBFEA
:109CF000069E0EFB06F60696F6E70F29DFBF0698CE
:109D00000A2101FB00220692E0E7002701217DE7FE
:109D10004FF0000E08F10202119298F8022086E737
:109D20004FF0010EF6E700BFA4DE0008F1DC0008EA
:109D30000000F07F119A541C11945278302AF9D007
:109D4000A2F13104082C3FF679AFA2F1300C119A40
:109D50000992119A541C11945278A2F13006092EDE
:109D600037D9099EA41B082C44F61F6402DC644505
:109D7000A8BF6446BEF1000F00D06442002B4DD155
:109D8000079B18437FF4BFAE00297FF4D8AE692A41
:109D900027D024DC492A24D04E2A7FF4D0AE97491C
:109DA00011A801F089FD00283FF4C9AE119B1B7872
:109DB000282B2DD1924914AA11A801F091FD052854
:109DC00026D1159BDDF850A043F0FF4B4BF4E00B80
:109DD00099E60A2404FB0C2CACF1300CB9E76E2A8E
:109DE000DBE7884911A801F067FD00283FF4A7AE22
:109DF000119B8549013B11A8119301F05DFD10B93C
:109E0000119B01331193DFF814B24FF0000A7AE688
:109E10007E4800F0D1FC5BEC10AB74E607EE909A44
:109E2000E21BB8EE677B002D08BF1D46102B099280
:109E30001A46A8BF1022092B5BEC17AB15DCE11BFF
:109E400000293FF460AEA4EB070172DD162959DC4E
:109E50006F4B099A03EBC20393ED007B4BEC16ABFF
:109E600027EE067B5BEC17AB4DE66949DDED066A34
:109E700001EBC20111ED125B0F2BB8EE666BA7EE82
:109E8000056B5BEC16ABDADD9A1AE11B0A44002A7B
:109E900040F3948012F00F000AD05D4901EBC0013D
:109EA00091ED007B4BEC16AB27EE067B5BEC17AB22
:109EB00032F00F0273D0B2F59A7F47DD00242546B9
:109EC00007942646059ADFF854B1222313604FF019
:109ED000000A079B002B3FF416AE1299059802F07A
:109EE000A5F80598314602F0A1F80598294602F038
:109EF0009DF80799059802F099F80598214602F017
:109F000095F800E6C3F12501E01B8142BCDB404A25
:109F1000C3F10F0302EBC30191ED007B09994BECF8
:109F200016ABCB1A02EBC30227EE067B92ED006B59
:109F300096E71631A8DB364B3C1B03EBC40494EDCB
:109F4000007B4BEC16AB86EE077B8BE700204BECDF
:109F500017AB304E12110146012A23DC08B15BEC2D
:109F600017AB2C4A2C4802EBC10292ED007BABF1FF
:109F7000547B4BEC16AB294A27EE067B17EE901A62
:109F80000A4082425BEC17AB98D8A0F58010824261
:109F900086BFDFF88CB04FF0FF3A01F1547B00220E
:109FA000069276E012F0010F04D096ED006B0120CE
:109FB00027EE067B013152100836CDE7EFD0524232
:109FC00012F00F000AD0124901EBC00191ED007BA5
:109FD0004BEC16AB86EE077B5BEC17AB1211DED0B9
:109FE0001F2A1FDD0024254607942646059A2223B2
:109FF0004FF0000A4FF0000B13606AE7C5DC000861
:10A0000090DE0008BDDC0008FEDC00088DDE0008E4
:10A0100018E00008F0DF00080000A07C0000F07FDE
:10A02000FFFFEF7F12F0100118BF6A2106914BEC81
:10A0300017ABAF490020D60704D591ED006B012086
:10A0400027EE067B521001F10801F4D108B15BEC58
:10A0500017AB069AB2B1CBF30A51C1F16B02002AD9
:10A0600058460FDD1F2A55DD342ADEBF4FF0FF3280
:10A07000C1F14B018A404FF0000ACCBF4FF05C7B2E
:10A0800002EA000B4BEC17ABB5EE407BF1EE10FA99
:10A09000A8D00A990598CDF800902A4602F02EF82B
:10A0A000079000283FF40AAF099B3F1B002BB4BF69
:10A0B0003B4600230A93099B9FED89BB23EAE37388
:10A0C00000240D932546079B0598596801F06EFF03
:10A0D000064600283FF4F6AE079B1A694BEC19AB15
:10A0E000023203F10C0192000C3000F057FBB0EE8D
:10A0F000490B059814AA13A902F034FB129000280A
:10A100003FF4E0AE0598012102F08EF8054640B913
:10A110000025D7E64FF0FF3101FA02F202EA0A0AFF
:10A12000B0E7139F149A002FABBF0A9B0D9BDDF87D
:10A130003480DDF82890ACBF07EB0309A3EB0708D8
:10A14000069BFF1A1744C2F136036A4A013F974241
:10A1500051DAD11B1F29A3EB01034FF001023EDCB2
:10A160008A400C9200220B9209EB03079844069B4D
:10A17000B94598444B46A8BF3B464345A8BF434614
:10A18000002BC2BFFF1AA8EB0308A9EB03090A9B27
:10A19000002B16DD294605981A4602F0FDF8054603
:10A1A0000028B5D00146129A059802F053F80F9096
:10A1B00000283FF487AE1299059801F037FF0F9BF6
:10A1C0001293002F1BDC099B002B21DD31460D9AD9
:10A1D000059802F0E1F80646D0B9002672E6C7F10C
:10A1E0007F4707F57F0707F57B47E23702FA07F15C
:10A1F0000B910C92B8E700220B920122F9E7129919
:10A2000005983A4602F022F912900028DBD159E66F
:10A21000B8F1000F07DD31460598424602F016F905
:10A2200006460028D9D0B9F1000F08DD2946059867
:10A230004A4602F00BF9054600283FF443AE129956
:10A240000598324602F08AF9044600283FF43AAEF7
:10A250000023D0F80C80C360294602F063F900287F
:10A260004CDA58EA0A0872D1CBF31303002B6ED1F3
:10A270002BF000431B0D1B05B3F1D66F67D9636943
:10A2800013B92369012B62DD21460122059802F0F2
:10A29000DDF82946044602F045F9002857DD2BF089
:10A2A0000043069A1B0D1B05002A6ED0B3F1D66F32
:10A2B0006BD8B3F15C7F7FF699AE9FED0B7B4BECD7
:10A2C00016AB0D4B26EE077B17EE902A13405BEC86
:10A2D00017AB002B7FF401AE059A22231360FCE537
:10A2E0000000C0FFFFFFDF41000000000000503908
:10A2F000B8DE000802FCFFFF0000F07FD9465DD108
:10A30000CBF31303B8F1000F2AD0A94A93422AD104
:10A31000069B5246FBB1A74B0BEA0303B3F1D46F84
:10A320004FF0FF311AD81B0DC3F16B0301FA03F391
:10A330009A4218D1A04B994502D101323FF4C2ADE7
:10A340009C4B09EA030303F5801B4FF0000A069BB0
:10A35000002BB2D1C1E54FF0FF33E9E70B46E7E749
:10A3600053EA0A039BD00B9BC3B113EA090FEED04B
:10A37000069A50465946B8F1000F13D0FFF76CFB10
:10A3800039EE007B5BEC17ABE1E7A3F580136FEAD6
:10A39000135B6FEA0B5B4FF0FF3AD8E70C9B13EAB5
:10A3A0000A0FE4E7FFF758FB39EE400BB5EE400B20
:10A3B000F1EE10FA5BEC10ABC9D117E62946204646
:10A3C00002F028FAB0EE007BB4EEC70BF1EE10FA03
:10A3D0005DD8B8F1000F64D1BAF1000F4BD1CBF3C7
:10A3E0001303B7EE008B002B60D1B4EEC80BB6EEB2
:10A3F000008BF1EE10FA01D420EE088BB1EE48ABE1
:10A400006C486E4909EA00078F4253EC1A2B7DD144
:10A41000A9F1547B4BEC1CABB0EE4C0B02F032F9C3
:10A420006448A0EE0ACB1CEE903A654A03EA0001AC
:10A4300091425BEC1CAB3CD919EE902A5E4B9A42E0
:10A4400004D119EE103A01333FF43CADDFF868B1A6
:10A450004FF0FF3A1299059801F0E8FD0598314652
:10A4600001F0E4FD0598294601F0E0FD059821463C
:10A4700001F0DCFD27E6BAF1010F03D1BBF1000FBB
:10A480003FF4B4ADBFEE00ABB7EE008BB8E7B6EE6D
:10A49000008B20EE088BB8F1000FAFD0B0EE48ABC8
:10A4A000AEE7B7EE00ABB0EE4A8BA9E7BFEE00AB6C
:10A4B000A6E703F1547B069BD946002BCAD12BF0AB
:10A4C00000431B0D1B059F42C4D151EC180BF6F73E
:10A4D00033F9F6F7EBF8CBF3130941EC170B49EA24
:10A4E0000A0959EA080938EE478B3CD09FED2A7BD0
:10A4F000B4EEC78BF1EE10FA3FF5EFAC9FED287B81
:10A50000B4EEC78BF1EE10FAA4DDE6E40699E1B1F2
:10A51000B7F1D46F19D8B4EECB8BF1EE10FA11D895
:10A52000BCEEC88B18EE103A012B38BF012308EEA1
:10A53000103AB8EE488BB8F1000F11D1B1EE487B5C
:10A5400053EC172B03F1D661CB1BB0EE490B43EC58
:10A550001A2B02F097F8AAEE009B5BEC19ABAAE766
:10A56000B0EE487BECE79FED107BB4EEC78BF1EECD
:10A5700010FA7FF56FAFB0E4002308930E9A119B99
:10A580001360FFF7C4BA652A3FF4BFAB452A3FF416
:10A59000BCAB0121FFF7F4BB9535A094FFFFDF3F73
:10A5A00035E5AF350000E03F9535A094FFFFCF3F84
:10A5B000FFFF0F000000F07FFFFFEF7F0000E07F54
:10A5C000FFFF9F7C014BFFF763BA00BF2000002410
:10A5D000242B2DE9F0478646904601D8012B06D161
:10A5E00000F0AAF8162303600020BDE8F087344885
:10A5F0000D462A4615F8014B065D16F00806F8D1FF
:10A600002D2C10D12C780126951C33F0100215D179
:10A61000302C0DD12A7802F0DF02582A08D16C784C
:10A62000023510230AE02B2C04BF2C78951CECE794
:10A63000002BF6D1302C14BF0A23082306F1004C5E
:10A640000CF1FF3C0022BCFBF3F9104603FB19CAD6
:10A65000A4F13007092F0FD83C46A3421BDD571C3D
:10A6600007D0814514D301D1A24511DB00FB034083
:10A67000012215F8014BEBE7A4F14107192F01D88E
:10A68000373CEAE7A4F16107192F04D8573CE4E707
:10A690004FF0FF32EDE7531C08D12223CEF80030F3
:10A6A0006046B8F1000FA0D0691E06E006B1404236
:10A6B000B8F1000F99D0002AF6D1C8F8001094E73D
:10A6C000E1DE0008FFF784BF2DE9F843074688461E
:10A6D00014460026D4E90195B9F1010905D524688D
:10A6E000002CF7D13046BDE8F883AB89012B07D9A0
:10A6F000B5F90E30013303D029463846C04706432A
:10A700006835E9E702440346934200D1704703F8F5
:10A71000011BF9E710B56AB10139841810F8012B53
:10A7200011F8013F9A4203D1A04201D0002AF5D18D
:10A73000D01A10BD1046FCE7014B1868704700BFE7
:10A740008C01002470B50D4D0D4C641BA410002627
:10A75000A64209D10B4D0C4C03F07EFA641BA410E9
:10A760000026A64205D170BD55F8043B9847013636
:10A77000EEE755F8043B98470136F2E7D8F90008B0
:10A78000D8F90008D8F90008DCF9000870477047CC
:10A790007047000000487047100100240A449142AD
:10A7A00000F1FF3300D1704710B511F8014B03F8E9
:10A7B000014F9142F9D110BD9FED010B704700BFD1
:10A7C000000000000000F87F9FED010A704700BF05
:10A7D0000000C07F2DE9F74F03690C69A3420746CB
:10A7E0007EDB013C01F11408A30000F11405009385
:10A7F00005EB8403019358F8243055F824200133E5
:10A800009A4208EB8409B2FBF3F62ED34FF0000A0C
:10A81000C446AE46D3465CF8043B98B206FB00A0A3
:10A82000020C1B0C06FB0323DEF8002080B292B260
:10A83000121A5A44DEF800004FEA134A9BB2C3EBE7
:10A84000224303EB104392B242EA0342E1454EF841
:10A85000042B4FEA234BDED2009BEB582BB9019B14
:10A86000043B9D421A462FD33C61384601F05AFE04
:10A87000002825DB2946002058F8042BD1F800C019
:10A880001FFA82FE1FFA8CF3A3EB0E030344120C93
:10A89000C2EB234202EB1C429BB243EA0243C14596
:10A8A00041F8043B4FEA2240E6D255F8242005EB5C
:10A8B000840322B9043B9D421A460BD33C61013606
:10A8C000304603B0BDE8F08F1268043B002ACBD1BC
:10A8D000013CC6E71268043B002AEFD1013CEAE7DD
:10A8E0000020EEE7000000002DE9F04F2DED028B77
:10A8F000C76991B08DED020B55EC104B1C9E079172
:10A90000814609920D937FB9102001F0DBF90246D0
:10A91000C9F81C0020B9A04BEF21A04802F0DCF8D8
:10A92000C0E901770760C760D9F81C30196859B1D0
:10A930005A684A60012393408B60484601F076FBD9
:10A94000D9F81C3000221A602B1EBBBF23F0004335
:10A95000039300230122ACBF33603260904B039E0F
:10A96000B34310D10D9A42F20F731360C6F3130371
:10A97000234300F0E6841D9B8A4F002B00F0E884FF
:10A98000FB1C00F0E3BC9DED028BB5EE408BF1EEBD
:10A9900010FA0AD10D9A012313601D9B13B11D9A61
:10A9A000814B1360814F00F0D3BC0EAA0FA948461B
:10A9B000B0EE480B01F0D6FEC6F30A530E9A019092
:10A9C000002B45D0B0EE487B18EE901AC1F313016E
:10A9D00041F07F5141F44011A3F2FF33002507EE0F
:10A9E000901AB7EE086B9FED665B37EE467B9FEDE6
:10A9F000666BA7EE056B9FED665B07EE903AB8EECF
:10AA0000E74BB0EE467BA4EE057BFDEEC76BB5EEE3
:10AA1000C07BF1EE10FA16EE908A08D5B8EEE66B20
:10AA2000B4EE476BF1EE10FA18BF08F1FF38B8F139
:10AA3000160F2BD85E4901EBC80191ED007BB4EEF7
:10AA4000C78BF1EE10FA01D508F1FF3800211EE0A6
:10AA50000F9B134403F232412029C1BFC1F14001D1
:10AA60008E4003F2124124FA01F1D6BFC1F1200158
:10AA7000314304FA01F107EE901AB8EE677B013B0F
:10AA800017EE901A0125A1F1F871A8E70121D21A59
:10AA9000531E069345BFC2F1010304930023002314
:10AAA0004CBF06930493B8F1000F0C9118DB069B82
:10AAB000CDF82880434406930023079A092A45D8F5
:10AAC000052AC4BF043A0792079AA2F10202CCBF3A
:10AAD00000240124032A44D8DFE802F03436170B9F
:10AAE000049B0022A3EB080304930A92C8F100031D
:10AAF000E3E701220892099A08EB020B0BF1010A25
:10AB00005246012AB8BF012206E001220892099AA2
:10AB1000002A29DD93469246D9F81C7000210420B2
:10AB200000F11406964226D979604846059301F053
:10AB30003DFA059B074600283ED11E4B024640F2D7
:10AB4000AF11EAE60022E1E70022D3E70124002268
:10AB5000CDE907244FF0FF3B0021DA46122209918C
:10AB6000DAE701220892F5E74FF0010BDA465A4680
:10AB7000CDF824B0D0E701314000D1E7AFF3008039
:10AB800061436F63A787D23FB3C8608B288AC63FF3
:10AB9000FB799F501344D33F08DD00081FDD0008F8
:10ABA0000000F07F04DD0008C9DC0008C8DC0008F4
:10ABB00018E0000877DD0008D9F81C20BAF10E0F64
:10ABC00010606ED8002C6CD0B8F1000F40F3B48048
:10ABD000C84A08F00F0102EBC10218F4807F92ED21
:10ABE000007B4FEA281100F09B80C34A92ED086B6E
:10ABF00088EE066B8DED026B01F00F010322BE485B
:10AC0000002940F08F809DED026B86EE077B8DED75
:10AC1000027B0C999DED027B002900F0B380B7EE1A
:10AC2000006BB4EEC67BF1EE10FA40F1AB80BAF1E6
:10AC3000000F00F0A780BBF1000F30DDB2EE046B17
:10AC400027EE067B8DED027B08F1FF310591013285
:10AC50005C469DED026BB1EE0C5B07EE902AB8EE00
:10AC6000E77BA7EE065B15EE902A51EC150BA2F1DF
:10AC70005071002C40F08A80B1EE047B36EE476BB9
:10AC800041EC170BB4EEC76BF1EE10FA00F36A82D9
:10AC9000B1EE477BB4EEC76BF1EE10FA23D48DED25
:10ACA000028B0F9A002AC0F22981B8F10E0F00F32F
:10ACB0002581904B03EBC80393ED006B099B002BA0
:10ACC00080F2C880BAF1000F00F3C4800BD1B1EE5E
:10ACD000047B26EE076B9DED027BB4EEC76BF1EEB5
:10ACE00010FAC0F23C8200242546099BDB43059301
:10ACF0003E464FF000082146484601F097F9002DE6
:10AD000000F0A280B8F1000F05D0A84503D041465D
:10AD1000484601F08BF92946484601F087F993E04F
:10AD200002226CE7CC0704D590ED006B013227EED0
:10AD3000067B4910083063E722D0C8F100016D4A54
:10AD400001F00F0002EBC00292ED007B28EE077BC2
:10AD50008DED027B684809110024022229B9002CDC
:10AD60003FF457AF8DED027B53E7CE0705D590ED4D
:10AD7000006B0132012427EE067B49100830EDE715
:10AD8000022246E7CDF81480544662E7594A02EBA6
:10AD9000C40212ED024B089A41EC170B3C444AB333
:10ADA000B6EE003BB7EE002B3E4683EE045BB2EE00
:10ADB000043B35EE477BFDEEC64B14EE902AB8EE11
:10ADC000E45B303236EE456BB4EEC76BF1EE10FA51
:10ADD00006F8012B38D432EE465BB4EEC75BF1EED9
:10ADE00010FA6ED4A6423FF45AAF27EE037B26EE4C
:10ADF000036BE0E721463E4627EE047BB2EE043BC0
:10AE0000FDEEC64B14EE902A303206F8012BA64216
:10AE1000B8EEE45B36EE456B19D1B6EE005B37EE6B
:10AE2000054BB4EEC46BF1EE10FA4ADC35EE475B2D
:10AE3000B4EEC56BF1EE10FA7FF531AF0E46013975
:10AE400016F8013C302BF9D0DDF8148027E026EE0F
:10AE5000036BD5E79DED027BB2EE044B3E4687EED9
:10AE6000065BBDEEC55B15EE103A303306F8013BCC
:10AE7000F31B9A45B8EEC53BA3EE467B32D137EEC5
:10AE8000077BB4EEC67BF1EE10FA18DCB4EE467B1D
:10AE9000F1EE10FA03D115EE103ADB070FD4019949
:10AEA000484601F0C3F800230D9A337008F10103FE
:10AEB00013601D9B002B00F04B821E6048E2CDF812
:10AEC000148033461E4613F8012D392A06D19F42BD
:10AED000F8D1059A0132059230223A701A7801327F
:10AEE0001A70B1E727EE047BB5EE407BF1EE10FA65
:10AEF000B5D1D4E718E00008F0DF00080899002970
:10AF000000F0E9800799012900F3CB80002D00F0C3
:10AF1000C48002F23342049E1C460593049B1344F2
:10AF20000493069B012113444846069301F07CF9E3
:10AF3000059B054666B1069A002A09DDB2420499CE
:10AF4000A8BF3246891A04910699B61A8A1A06923F
:10AF50000BB3089A002A00F0C580002C00F0BF80D7
:10AF60002946224648460B9301F016FA019A0146FB
:10AF70000546484601F06EF901990590484601F0F2
:10AF800055F80B9B1B1B00F0B08005991A464846EC
:10AF900001F002FA01900121484601F045F90A9BAF
:10AFA0000446002B00F0DA811A460146484601F0BB
:10AFB000F3F9079B012B044600F3A080029B002BB2
:10AFC00040F09680039BC3F31302002A40F0928066
:10AFD00023F00042120D1205002A00F08D80049B20
:10AFE00001330493069B0133069301230B930A9BC1
:10AFF000002B00F0B981226904EB8202106901F094
:10B00000C7F8C0F12000069B184410F01F0000F0A4
:10B010008180C0F12002042A73DD049BC0F11C0072
:10B0200003440493069B064403440693049B002BAD
:10B0300005DD01991A46484601F008FA0190069B81
:10B04000002B05DD21461A46484601F0FFF904466B
:10B050000C9B002B60D00198214601F063FA002878
:10B060005ADA08F1FF330593019900230A22484672
:10B0700000F0FEFF089B0190002B00F0778129462D
:10B0800000230A22484600F0F3FFBBF1000F0546FB
:10B090006EDC079B022B48DC6AE00E9AC2F1360296
:10B0A00039E70AF1FF34A34207DBBAF1000FA3EB43
:10B0B00004040BDB049E52462FE7E21A0A9B049E0F
:10B0C00013440A9352462346002426E7049AA2EB2F
:10B0D0000A06002221E7049E089D1C462AE7019AE1
:10B0E000059252E701991A4651E7059B019352E7F1
:10B0F00000237BE7029B79E70B9278E700230B9311
:10B1000079E793D0049B1C3213440493069B1644A6
:10B1100013448AE70246F5E7BAF1000FCDF8148030
:10B12000D34621DC079B022B1EDDBBF1000F7FF411
:10B13000DCAD21465B460522484600F099FF0146FA
:10B140000446019801F0EEF900287FF7CEAD3E46A7
:10B15000312306F8013B059B01330593C9E5CDF882
:10B16000148054462546F2E7089B002B00F002812C
:10B17000002E05DD29463246484601F067F90546AE
:10B180000B9B002B58D06968484600F00FFF06461D
:10B1900028B9824B024640F2EF21FFF7BEBB2A6975
:10B1A0000232920005F10C010C30FFF7F7FA012290
:10B1B0003146484601F04AF97B1C049307EB0B0328
:10B1C0000993029B03F00103A84608930546049BDC
:10B1D0000198214603F1FF3BFFF7FCFA414602903C
:10B1E00000F1300A019801F09DF92A4606902146A7
:10B1F000484601F0B3F9C2680646FAB9014601981B
:10B2000001F090F90246314648460A9200F00EFFDE
:10B21000079B0A9A049E42EA0301089B19430FD137
:10B22000BAF1390F28D0069B002B02DD029B03F1F7
:10B23000310A8BF800A05EE52846BDE70122E2E76F
:10B24000069B002B04DB07990B4308990B4320D185
:10B25000002AEEDD01990122484601F0F7F8214667
:10B26000019001F05FF9002803DCE2D11AF0010F30
:10B27000DFD0BAF1390FD9D139238BF800303346FA
:10B280001E46013B16F8012C392A52D001321A70A1
:10B2900031E5002A07DDBAF1390FEDD00AF10103DB
:10B2A0008BF8003027E5049B099A03F801AC934220
:10B2B00029D0019900230A22484600F0D9FEA8456A
:10B2C00001904FF000034FF00A024146484607D173
:10B2D00000F0CEFE80460546049B0133049376E7DA
:10B2E00000F0C6FE2946804600230A22484600F0A8
:10B2F000BFFE0546F0E7BBF1000FCCBF5E4601265E
:10B300003E444FF0000801990122484601F09EF8A2
:10B310002146019001F006F90028B0DC02D11AF0B4
:10B32000010FACD133461E4613F8012D302AFAD056
:10B33000E1E49F42A4D1059B0133059331233B7087
:10B34000D9E41D9B164F1BB107F108031D9A13602A
:10B35000384611B0BDEC028BBDE8F08F079B012B86
:10B360007FF72CAE0A9B0B9301204CE6BBF1000F3C
:10B370007FF7D8AE3E4601982146FFF72BFA00F141
:10B38000300A06F801ABF21B9345B4DD01990023A6
:10B390000A22484600F06CFE0190ECE777DD0008D9
:10B3A000FBDC00080369B3EB611F2DE9F0434FEAB2
:10B3B000611200F1140445DD11F01F0104EB830656
:10B3C00004EB82050CD100F110072946B14234D3B9
:10B3D0009B1A9B00EA1E964238BF0023234415E0C7
:10B3E00054F82270C1F12008CF4005F1040EA146A7
:10B3F0007645F44615D89A1A9200043A0135AE42C1
:10B4000038BF0022A318A75007B104331A1BA34268
:10B410004FEAA20208BF0023026108BF4361BDE8F2
:10B42000F083DCF800C00CFA08FC4CEA070749F886
:10B43000047B5EF8047BCF40DAE751F804CB47F891
:10B4400004CFC3E72346E1E7A0F13003092B02D87C
:10B450002038C0B27047A0F16103052B01D84738EE
:10B46000F7E7A0F14103052B01D82738F1E70020C9
:10B47000704700002DE9F04F85B08A4602930B68B3
:10B48000019090469C1CA14614F8010B3028FAD07C
:10B49000A9EB0303A3F1020BFFF7D6FF0546002833
:10B4A00068D1A04901224846FFF734F90746002831
:10B4B00067D199F801002646FFF7C6FF002862D041
:10B4C000234618783028994603F10103F9D0FFF795
:10B4D000BBFFB0FA80F56D094FF0010B4A461646E6
:10B4E00001323078FFF7B0FF0028F8D18D490122F2
:10B4F0003046FFF70FF900283FD144B9741C2246AB
:10B50000164601323078FFF79FFF0028F8D1A41BC0
:10B51000A700337803F0DF03502B3ED173782B2B39
:10B5200033D02D2B34D0711C00240878FFF78CFF0A
:10B53000431EDBB2182B30D8A0F1100211F8010F16
:10B54000FFF782FF00F1FF3C5FFA8CFCBCF1180FA3
:10B550004FF00A031ED904B152421744CAF8001032
:10B56000EDB1BBF1000F0CBF06250025284605B044
:10B57000BDE8F08F00252C46B0E7002CC7D1274648
:10B58000C7E74E462F460125C3E70024B11CCCE790
:10B590000124FBE703FB0200CEE73146DEE7A6EB22
:10B5A0000903013B2946072B0ADC019800F0FEFC49
:10B5B000044640B95C4B0246E4215C4801F08CFA39
:10B5C00001315B10EFE700F1140A002355469B465A
:10B5D000B14537D345F804BBA5EB0A05AD1025618D
:10B5E000584600F0D5FD6D01D8F800602D1AB5421F
:10B5F00054DDAD1B2946204601F05EF9814678B145
:10B600006B1E591103F01F025AF821104FF0010967
:10B6100009FA02F20A4203D04B4536DC4FF0020928
:10B6200029462046FFF7BEFE2F44D8F80830BB421B
:10B6300042DA0198214600F0F9FC0E9A00231360CB
:10B64000A32593E716F8012D2E2A12D0202B04D122
:10B6500045F804BB4FF0000B5B4630780393FFF7CF
:10B66000F3FE039B00F00F0098404BEA000B0433FD
:10B67000AEE7B145EAD82B49039301223046FFF7E4
:10B6800049F8039B0028E1D1A2E7A91E204601F05A
:10B6900013F90028C2D04FF00309C1E709DA751B7E
:10B6A000214601982A4600F0D1FE7F1B044600F196
:10B6B000140A4FF00009B8E7D8F80450BD426FDD16
:10B6C000ED1BAE4234DCD8F80C30022B22D0032B19
:10B6D00024D0012B15D1AE4213D1012E0BD1029AE9
:10B6E000D8F80430136001232361CAF800300E9BA0
:10B6F00062251C603AE7711E204601F0DDF8002843
:10B70000EDD10198214600F091FC0E9A00231360C0
:10B7100050252BE70F9B002BF3D1E0E70F9B002B6D
:10B72000DDD1EEE7F1DC000877DD000888DD0008F8
:10B730006F1EB9F1000F30D127B13946204601F014
:10B74000BBF881467A1101235AF8222007F01F071F
:10B75000BB4013422946204618BF49F00209FFF7B3
:10B7600021FED8F80470761B0225B9F1000F47D0EE
:10B77000D8F80C30022B15D0032B17D0012B09D190
:10B7800019F0020F06D0DAF8003049EA030919F07F
:10B79000010F0ED145F0100532E04FF00109D1E75D
:10B7A0000125E2E70F9BC3F101030F930F9B002BD1
:10B7B000F0D0D4F810B004F114034FEA8B0A03EB75
:10B7C0008B014FF0000C184653F8042BB2F1FF3FE9
:10B7D0001BD001320260022D04F114033CD1D8F8D1
:10B7E0000020013AB24209D17111012253F82130EF
:10B7F00006F01F0602FA06F61E423AD145F0200571
:10B800000E9B1C60029B1F60B0E6994243F804CC7B
:10B81000D9D8A3689B4517DB61680198013100F016
:10B82000C5FB814618B91A4B02468421C5E6226938
:10B83000023204F10C0192000C30FEF7AFFF2146FA
:10B84000019800F0F3FB4C4623695A1C04EB830378
:10B85000226101225A61BEE722695A450BDD0121AE
:10B860002046FFF79FFDD8F808300137BB42FFF6AE
:10B87000E0AE0125C2E716F01F06FAD05344C6F128
:10B88000200653F8040C00F083FCB042E7DBF0E73D
:10B8900077DD0008C2F10802920070B5C2F12006FF
:10B8A0004368046803FA06F52C43D340046040F86B
:10B8B000043F8842F4D370BD30B50368013311F8FA
:10B8C000014B14B90360012030BD13F8012BA2F124
:10B8D0004105192D98BF2032A242F0D00020F3E795
:10B8E0002DE9F04F0B6801685E1102EB860613F03C
:10B8F0001F0387B018BF04360025371F82469046C5
:10B90000019346F8045CB9463C460295AB464A783A
:10B910004B1C039342B3104605910492FFF794FD2C
:10B92000002851D1049A0599202A18D8029B9B45DA
:10B9300013DD4C4506D2072D04DC2A464946204635
:10B94000FFF7A8FF444552D90023A4F1040944F8A5
:10B95000043CCDF808B04C461D460399D7E7292A88
:10B9600057D10231CAF80010BBF1000F51D04C453D
:10B9700006D2072D04DC2A4649462046FFF78AFFF7
:10B98000444536D9A8F10402234653F8041B42F873
:10B99000041F9F42F9D23B1B23F0030304330134FD
:10B9A000033EB44288BF04234344002243F8042BDF
:10B9B0009F42FBD23B681BB9474528D101233B601E
:10B9C000052007B0BDE8F08F0135082D0BF1010B04
:10B9D00006DD4445C1D9002344F8043C0125043C5C
:10B9E000226800F00F0040EA02102060B5E7082549
:10B9F000B3E7019B002BDDD0C3F120034FF0FF32F2
:10BA0000DA4056F8043C134046F8043CD2E7043FC1
:10BA1000D0E70420D5E72DE9F0478E681F46BE42E7
:10BA20000B6882460C4690462DD8B1F90C2012F4D2
:10BA3000906F26D06569096905EB4505A3EB0109FF
:10BA400005EBD5757B1C4B446D109D4238BF1D46E0
:10BA5000530527D5294600F05FF9064660B32169F2
:10BA60004A46FEF79BFEA38923F4906343F08003CC
:10BA7000A381266165614E44A5EB09052660A5609A
:10BA80003E46BE4200D93E4620683246414600F05E
:10BA9000B2FFA3689B1BA36023683344236000208C
:10BAA000BDE8F0872A4600F06BFF06460028E0D18B
:10BAB0002169504601F042F80C23CAF80030A389EE
:10BAC00043F04003A3814FF0FF30E9E72DE9F04F49
:10BAD00098468B891B069DB007460D46144610D527
:10BAE0000B6973B9402100F017F92860286130B95B
:10BAF0000C233B604FF0FF301DB0BDE8F08F4023BA
:10BB00006B610023099320238DF82930CDF80C8038
:10BB10003023DFF89C818DF82A304FF0010923464D
:10BB20009A4613F8012B0AB1252AF9D1BAEB040B76
:10BB30000BD05B46224629463846FFF76CFF0130A2
:10BB400000F0A780099A5A4409929AF80030002B15
:10BB500000F09F8000234FF0FF32CDE905230AF16A
:10BB6000010A049307938DF853301A935446052223
:10BB700014F8011B4E48F4F7B3FB049AD8B9D00669
:10BB800044BF20238DF85330110744BF2B238DF879
:10BB900053309AF800302A2B15D0079A54460020CB
:10BBA0004FF00A0C214611F8013B303B092B4BD9D1
:10BBB000B0B1079214E0A0EB080309FA03F31343B2
:10BBC0000493A246D2E7039B191D1B680391002B27
:10BBD000BBBF5B4242F0020207930793B8BF0492D7
:10BBE00023782E2B0AD163782A2B32D1039B1A1D7E
:10BBF0001B68039243EAE37302340593DFF8C0A0A5
:10BC0000217803225046F4F76BFB38B1049BA0EB7C
:10BC10000A004022824013430134049314F8011BAC
:10BC200024488DF828100622F4F75AFB002836D055
:10BC3000214B1BBB039B073323F0070308330393FC
:10BC4000099B334409936AE70CFB02320C4601203E
:10BC5000A8E700230134059319464FF00A0C20464B
:10BC600010F8012B303A092A03D9002BC6D00591D0
:10BC7000C4E70CFB012104460123F0E703AB00936A
:10BC80002A460E4B04A93846FDF73EF8421C0646EC
:10BC9000D6D1AB895B063FF52DAF09982CE703ABF6
:10BCA00000932A46054B04A93846FDF7B5FAEDE79F
:10BCB000E8DD0008F2DD0008098D000817BA000869
:10BCC000EEDD0008024B0146186800F025B800BF01
:10BCD0008C01002470B50F4E0C463168054611B931
:10BCE00000F0C8FE30602146284600F0C3FE431C29
:10BCF00003D14FF0FF34204670BDC41C24F0030470
:10BD0000A042F8D0211A284600F0B4FE0130F2D14A
:10BD1000EFE700BFF80600242DE9F843CD1C25F01D
:10BD2000030508350C2D38BF0C25002D064601DB18
:10BD3000A94204D90C2333600020BDE8F883DFF862
:10BD4000D48000F027F9D8F800301C4644BB2946BF
:10BD50003046FFF7BFFF431C044658D1D8F80040D7
:10BD60002746002F43D1002C4BD02368394630465C
:10BD700004EB030900F07EFE814542D121686D1A73
:10BD800029463046FFF7A6FF01303AD023682B44FE
:10BD90002360D8F800305A6862BBC8F800700FE022
:10BDA0002268521B20D40B2A17D96119A34225609F
:10BDB00018BF5960636808BFC8F8001062514B6033
:10BDC000304600F0EDF804F10B00231D20F00700D1
:10BDD000C21A1CBF1B1AA350AFE76268A3420CBF74
:10BDE000C8F800205A60EBE723466468AEE73C469B
:10BDF0007F68B6E71A465B68A342FBD10023536015
:10BE0000DEE70C233360304600F0CAF894E70560A3
:10BE1000D6E700BFFC06002482B001B901A942B1F7
:10BE20004BB113780B601278101E18BF012002B0BE
:10BE300070471046FBE76FF00100F8E7B1F90C20FE
:10BE40002DE9F041160705460C4654D44B68002BEB
:10BE500002DC0B6C002B48DDE66A002E45D0002387
:10BE600012F480522F68216A2B6030D0626DA38952
:10BE7000590705D56368D21A636B0BB1236CD21ACC
:10BE80000023E66A216A2846B047431CA38906D1ED
:10BE900029681D292BD82A4ACA40D60727D500224F
:10BEA0006260D9042269226004D5421C01D12B684A
:10BEB00003B96065616B2F60B9B104F14403994225
:10BEC00002D0284600F03AFE002363630DE0012310
:10BED0002846B0470246501CC9D12B68002BC6D05B
:10BEE0001D2B01D0162B1ED12F60002022E043F025
:10BEF00040031BB21BE00F69002FF6D093070E68BA
:10BF000008BF4B690F6018BF0023A6EB07088B60C2
:10BF1000B8F1000FE9DD216AA66A43463A46284691
:10BF2000B047002808DCB4F90C3043F04003A3818B
:10BF30004FF0FF30BDE8F0810744A8EB0008E7E7C9
:10BF40000100402038B50B6905460C4613B90025A1
:10BF5000284638BD18B1036A0BB9FDF765FDB4F981
:10BF60000C30002BF3D0626ED00704D4990502D4B4
:10BF7000A06DFEF70CFC28462146FFF75FFF636EBD
:10BF8000DA070546E4D4A3899B05E1D4A06DFEF74A
:10BF9000FFFBDDE70148FEF7FABB00BFF406002413
:10BFA0000148FEF7F5BB00BFF406002470B5C66972
:10BFB00004460D4676B91020FFF784FE0246E06184
:10BFC00020B9184B18486B2100F086FDC0E90166C6
:10BFD0000660C660E669F36883B1E369DB6853F81D
:10BFE0002500B8B9012101FA05F6721D920020461C
:10BFF00000F090FD60B1C0E901560EE0212204215D
:10C00000204600F087FDE369F060DB68002BE4D197
:10C01000002070BD026843F825200023C0E90333E7
:10C02000F7E700BF08DD0008F9DD000870B5C66954
:10C0300005460C4676B91020FFF744FE0246E8613B
:10C0400020B9094B09488F2100F046FDC0E901667F
:10C050000660C6603CB1EB696268DB6853F8221089
:10C06000216043F8224070BD08DD0008F9DD0008BA
:10C070002DE9F0410D6907460C461E4601F1140CEE
:10C080000020DCF8003099B202FB01611E0C0B0CA1
:10C0900002FB063389B2013001EB034185424CF8C3
:10C0A000041B4FEA1346ECDC0EB3A368AB4219DC69
:10C0B000616838460131FFF779FF804628B90246AA
:10C0C0000C4B0D48BA2100F007FD2269023204F141
:10C0D0000C0192000C30FEF761FB21463846FFF759
:10C0E000A5FF444604EB850301355E6125612046CA
:10C0F000BDE8F08177DD0008F9DD00082DE9F8439F
:10C100000C4615461F4609220833064693FBF2F3F8
:10C11000002101229A4209DB3046FFF747FF40B970
:10C120000246194B1948D32100F0D6FC52000131C8
:10C13000F0E7089B4361092D4FF00103036116DD11
:10C1400004F10909C8462C4418F8013B0146303B6C
:10C150000A223046FFF78CFFA045F5D1A5F108046F
:10C160004C442D1B6319BB4204DBBDE8F8830A3441
:10C170000925F6E714F8013B0146303B0A22304618
:10C18000FFF776FFEEE700BF77DD0008F9DD000876
:10C19000B0F5803F034636BF030400201020B3F102
:10C1A000807F3CBF1B020830B3F1805F3CBF1B01A6
:10C1B0000430B3F1804F3CBF9B000230002B05DB05
:10C1C00013F0804F00F1010008BF20207047036882
:10C1D000024613F007000BD0D90721D4980749BFB6
:10C1E0005B089B08012013605CBF1360022070474E
:10C1F00099B209B91B0C1020D9B209B908301B0A31
:10C20000190704BF1B090430990704BF9B080230BB
:10C21000D90703D45B0800F1010003D01360704715
:10C22000002070472020704710B50C460121FFF711
:10C23000BDFE024628B9054B054840F2451100F005
:10C240004BFC01234461036110BD00BF77DD000892
:10C25000F9DD00082DE9F04F17460A693B699A425B
:10C26000A8BF3B468946A4BF0F4699463D69D9F809
:10C2700010A0BB68796805EB0A06B34285B0B8BF69
:10C280000131FFF793FE30B90246414B41484FF46C
:10C29000B17100F021FC00F1140404EB860E23467A
:10C2A0000022734520D307F1140809F1140108EBAB
:10C2B000850501EB8A030293EB1B153B23F0030377
:10C2C00004331537BD4238BF04230193029B039109
:10C2D0008B420CD8002E03DD5EF8043D002B55D0B8
:10C2E000066105B0BDE8F08F43F8042BD9E7B1F83B
:10C2F00000A0BAF1000F1FD0C446A14600275CF889
:10C30000042BD9F800301FFA82FB9BB20AFB0B33D7
:10C310003B44D9F80070120C3F0C0AFB027202EB8E
:10C3200013429BB243EA0243654549F8043B4FEA96
:10C330001247E4D8019BE750039BB3F80290043105
:10C34000B9F1000F20D023684746A4464FF0000AF9
:10C35000B7F800B0BCF8022009FB0B2252449BB294
:10C3600043EA02434CF8043B57F8043B4FEA134AB4
:10C37000BCF8003009FB0A3303EB1243BD424FEA1D
:10C38000134AE5D8019AA35004349FE7013EA1E780
:10C3900077DD0008F9DD00082DE9F843154612F0B5
:10C3A000030207460E4607D0254C013A002354F8F5
:10C3B0002220FFF75DFE0646AD103DD0FC697CB93A
:10C3C0001020FFF77FFC0246F86128B91D4B1E487C
:10C3D00040F2B31100F080FBC0E901440460C46086
:10C3E000D7F81C80D8F808404CB940F27121384683
:10C3F000FFF71AFF0023C8F80800044603604FF057
:10C400000009EB070AD5314622463846FFF722FFDE
:10C41000314680463846FFF709FE46466D100BD080
:10C42000206838B9224621463846FFF713FF2060BE
:10C43000C0F800900446E4E73046BDE8F88300BF4A
:10C44000E4DF000808DD0008F9DD00082DE9F04709
:10C450000C464968236903EB6218A36807469146B6
:10C460004FEA621A08F10106B3420BDB3846FFF7C8
:10C470009DFD054648B90246284B29484FF4EF7107
:10C4800000F02AFB01315B00EEE7002300F114010C
:10C4900000F110021846534533DB20692AEAEA7A94
:10C4A00004F1140319F01F0901EB8A0103EB800C5E
:10C4B0002BD0C9F1200E8A460022186800FA09F034
:10C4C00010434AF8040B53F8042B9C4522FA0EF251
:10C4D000F3D8ACEB0403153B23F00303043304F15E
:10C4E0001500604588BF0423CA500AB108F102064E
:10C4F000013E38462E612146FFF798FD2846BDE8EB
:10C50000F08742F8040F0133C5E7043953F8042BD0
:10C5100041F8042F9C45F9D8EAE700BF77DD000811
:10C52000F9DD00080A6903460069801A30B50ED1AA
:10C530001433143103EB820401EB820154F8045DDF
:10C5400051F8042D954203D005D24FF0FF3030BD95
:10C55000A342F3D3FBE70120F9E700002DE9F74FF1
:10C5600089460646114648461446FFF7DBFF051E7E
:10C5700012D129463046FFF719FD024628B93F4B34
:10C5800040F237213E4800F0A7FA0123C0E9043504
:10C59000104603B0BDE8F08FBCBF4B46A146304605
:10C5A000D9F80410BABF1C4601250025FFF7FEFC90
:10C5B000024618B9314B40F24521E3E7D9F8107033
:10C5C0002669C56009F1100309F1140504F1140E80
:10C5D00000F1140B05EB87080EEB86060193D94694
:10C5E0004FF0000C019B5EF8040B53F804AF01936D
:10C5F0001FFA8AF3194683B2CB1A000C6344C0EBCE
:10C600001A4000EB23409BB243EA0043764549F8C9
:10C61000043B4FEA204CE5D8331B153B23F00303C2
:10C6200015340433A64238BF04231D445B441E4620
:10C630002C4644450ED308F10301491B21F00301A8
:10C64000033DA84538BF00210B4453F8041D91B1A8
:10C6500017619DE754F8041BE646080C1CFA81FCA0
:10C66000714400EB2C4089B241EA004146F8041BBA
:10C670004FEA204CDDE7013FE7E700BF77DD000828
:10C68000F9DD000882B08DED000B019A0F4B1340CD
:10C69000A3F15073002B08DC5B42B3F1A07F4FEA9B
:10C6A000235204DA4FF400231341002208E0A2F1E0
:10C6B00014031E2BDABF4FF00042DA4001220023A0
:10C6C0001946104641EC100B02B070470000F07F95
:10C6D0002DE9F041066900F1140808EB8606371FC2
:10C6E00056F8042C1046FFF753FDC0F120030A282A
:10C6F0000B601B4915DCC0F10B0C22FA0CF3B8459A
:10C7000043EA010534BF56F8083C0023153002FA0D
:10C7100000F023FA0CF303431C4645EC104BBDE834
:10C72000F081B8453ABF56F8083CA6F10807002347
:10C730000B3812D0C0F1200123FA01F482402243C9
:10C74000474542F07F558CBF57F8042C00228340A8
:10C75000CA4045F440151343DEE742EA0105DBE732
:10C760000000F03F2DE9F7430F46012159EC108BF3
:10C770001646FFF71BFC044630B90246234B2448FB
:10C7800040F20F3100F0A8F9C9F30A55C9F31303B9
:10C790000DB143F480130193B8F1000323D0684630
:10C7A0000093FFF714FDDDE90012D0B1C0F12003C2
:10C7B00002FA03F30B43C24063610192019BA36140
:10C7C000002B0CBF012202222261A5B1A5F2334544
:10C7D00005443D60C0F135003060204603B0BDE83F
:10C7E000F0836161EAE701A8FFF7F1FC019B636157
:10C7F00020300122E8E704EB8203A0F232403860E7
:10C800001869FFF7C5FCC0EB4210E5E777DD0008CB
:10C81000F9DD00082DE9F74F884669468146FFF7A4
:10C8200057FF01A9404655EC104BFFF751FFD8F8D0
:10C830001030D9F81020D21ADDE900315B1A03EB71
:10C84000421357EC106B002BD6BFC3EB03332A46C1
:10C850003A46AB46A246CEBF02EB035B02EB035364
:10C8600000EE903A4BEC17AB87EE000B03B0BDE83F
:10C87000F08F013970B549111469013102F11403C7
:10C8800000EB810103EB8404051FA3420CD3A31A20
:10C89000113B23F003031132A24288BF0023184446
:10C8A0000023884205D370BD53F8046B45F8046F2C
:10C8B000EBE740F8043BF4E700F1140200694B1188
:10C8C000984210B511DB0ADD11F01F0107D052F8B4
:10C8D000234024FA01F000FA01F18C420BD102EB63
:10C8E0008303934203D8002010BD0346F7E753F8B3
:10C8F000041D0029F5D00120F6E710B50C46B1F96A
:10C900000E1000F0A5F80028ABBF636DA3891B18BB
:10C9100023F48053ACBF6365A38110BD2DE9F041C2
:10C920001F468B89DB0505460C46164605D5B1F931
:10C930000E100223002200F079F8A389B4F90E103A
:10C9400023F48053A38132463B462846BDE8F0419C
:10C9500000F0A0B810B50C46B1F90E1000F066F862
:10C96000431CA38915BF606523F4805343F48053AF
:10C97000A38118BFA38110BDB1F90E1000F09CB8BF
:10C980002DE9F041074614460D4621B9BDE8F041B6
:10C990001146FFF7C1B92AB900F0D0F8254628465C
:10C9A000BDE8F08100F014F98442064602D8B4EBE9
:10C9B000500FF4D821463846FFF7AEF9804608B943
:10C9C0004546ECE7B4422246294628BF3246FDF7E9
:10C9D000E5FE2946384600F0B1F8F1E7034608467F
:10C9E00041B1FF2A04D98A221A604FF0FF30704704
:10C9F0000A7001207047884210B501EB020402D989
:10CA00008442234607D8431EA14208D011F8012BC7
:10CA100003F8012FF8E7024401468A4200D110BD15
:10CA200013F8014D02F8014DF7E7000038B5074D46
:10CA300004460846114600222A601A46F6F701F815
:10CA4000431C02D12B6803B1236038BD00070024CA
:10CA500038B5074D04460846114600222A601A469A
:10CA6000F5F7ABFF431C02D12B6803B1236038BD3F
:10CA70000007002438B5064D0023044608462B6005
:10CA8000F5F7ECFF431C02D12B6803B1236038BDDE
:10CA90000007002438B5074D044608461146002219
:10CAA0002A601A46F5F7E4F9431C02D12B6803B15A
:10CAB000236038BD0007002438B5064D0023044626
:10CAC00008462B60F5F796FF431C02D12B6803B193
:10CAD000236038BD000700241FB514461A46094BD1
:10CAE0001B680546D8684CB1074B0091CDE901346D
:10CAF00006492B4600F074F800F084F8044B1C46FD
:10CB0000F3E700BF8C01002452DE00085FDE00085E
:10CB10008DDE000870B5A1FB025434B92946FFF739
:10CB2000FBF8064628B9304670BD0C22026000268C
:10CB3000F9E72A462146FDF7E5FDF4E738B5054655
:10CB4000002941D051F8043C0C1F002BB8BFE41859
:10CB5000FFF720FA1D4A136833B963601460284652
:10CB6000BDE83840FFF71CBAA34208D92068211855
:10CB70008B4201BF19685B6809182160EDE71A460E
:10CB80005B680BB1A342FAD911685018A0420BD1CF
:10CB900020680144501883421160E0D118685B6836
:10CBA000536008441060DAE702D90C232B60D6E703
:10CBB000206821188B4204BF19685B68636004BF5A
:10CBC000091821605460CAE738BD00BFFC06002484
:10CBD00051F8043C181F002BBCBF0B58C0187047FD
:10CBE0000EB403B5014603AB054853F8042B0068A7
:10CBF000019300F037F802B05DF804EB03B0704722
:10CC00008C01002408B5062000F062FA0120F5F737
:10CC1000C9FE9368013B002B10B4936008DA946955
:10CC2000A34201DB0A2903D15DF8044B00F032B9BD
:10CC30001368581C1060197008465DF8044B704763
:10CC4000F8B506460F461446D518AC4201D100206F
:10CC500007E014F8011B3A463046FFF7DAFF431CA1
:10CC6000F3D1F8BD2DE9F04F0D469DB0144698461E
:10CC7000064618B1036A0BB9FCF7D6FE6B6ED907EE
:10CC800005D4AB899A0502D4A86DFDF780FDAB8968
:10CC90001B0701D52B699BB92946304600F038F9AE
:10CCA00070B16B6EDC0704D54FF0FF301DB0BDE8EE
:10CCB000F08FAB899805F7D4A86DFDF769FDF3E710
:10CCC0000023099320238DF82930CDF80C803023E0
:10CCD000DFF8AC818DF82A304FF0010923469A46DF
:10CCE00013F8012B0AB1252AF9D1BAEB040B0BD0AA
:10CCF0005B46224629463046FFF7A2FF013000F08E
:10CD0000A780099A5A4409929AF80030002B00F043
:10CD10009F8000234FF0FF32CDE905230AF1010A7D
:10CD2000049307938DF853301A935446052214F850
:10CD3000011B5348F3F7D4FA049AD8B9D10644BF7B
:10CD400020238DF85330130744BF2B238DF8533025
:10CD50009AF800302A2B15D0079A544600204FF03D
:10CD60000A0C214611F8013B303B092B4BD9B0B1DD
:10CD7000079214E0A0EB080309FA03F313430493AA
:10CD8000A246D2E7039B191D1B680391002BBBBF72
:10CD90005B4242F0020207930793B8BF04922378E4
:10CDA0002E2B0AD163782A2B32D1039B1A1D1B68C4
:10CDB000039243EAE37302340593DFF8D4A02178A9
:10CDC00003225046F3F78CFA38B1049BA0EB0A001B
:10CDD0004022824013430134049314F8011B294874
:10CDE0008DF828100622F3F77BFA00283FD0264B57
:10CDF0001BBB039B073323F0070308330393099BF3
:10CE00003B4409936AE70CFB02320C460120A8E779
:10CE100000230134059319464FF00A0C204610F800
:10CE2000012B303A092A03D9002BC6D00591C4E75B
:10CE30000CFB012104460123F0E703AB00932A46D3
:10CE4000124B04A93046FBF75FFF0746781CD6D18A
:10CE50006B6ED90705D4AB899A0502D4A86DFDF78E
:10CE600097FCAB895B063FF51FAF09981EE703AB44
:10CE700000932A46054B04A93046FCF7CDF9E4E7B8
:10CE8000E8DD0008F2DD0008098D000841CC00084B
:10CE9000EEDD0008F8B50E461446054618B1036AE3
:10CEA0000BB9FCF7C1FDA369A360A3891A0701D5DB
:10CEB000236943B92146284600F02AF818B14FF0FB
:10CEC000FF373846F8BD23682269981A6369F6B2BD
:10CED0008342374605DC21462846FFF733F8002811
:10CEE000EDD1A368013BA36023685A1C22601E7029
:10CEF0006269431C9A4204D0A389DB07E1D50A2E5C
:10CF0000DFD121462846FFF71DF80028D9D0D6E703
:10CF100038B5294B054618680C4618B1036A0BB999
:10CF2000FCF782FDB4F90C30190722D4DA0607D4D5
:10CF300009222A6043F04003A3814FF0FF3033E021
:10CF4000580712D5616B41B104F14403994202D0F4
:10CF50002846FFF7F3FD00236363A38923F024032E
:10CF6000A3810023636023692360A38943F008033E
:10CF7000A38123694BB9A38903F42073B3F5007F20
:10CF800003D02146284600F03FF8B4F90C3013F0E6
:10CF900001020AD00022A26062695242A2612269A3
:10CFA00042B913F08000C5D138BD990758BF6269F6
:10CFB000A260F4E70020F7E78C01002470B50C466E
:10CFC000B1F90E10002996B015461E460DDAA38958
:10CFD00013F0800F4FF0000114BF40234FF4806323
:10CFE000002031602B6016B070BD6A4600F09CF8DE
:10CFF0000028ECDB019901F47041A1F5005359427E
:10D0000059414FF48063EBE78B89F7B59D070646DE
:10D010000C4607D504F147032360236101236361B4
:10D0200003B0F0BD01AB6A46FFF7C8FF009F05469D
:10D0300039463046FEF770FE48B9B4F90C309A050F
:10D04000EED423F0030343F00203A381E2E7A389B4
:10D05000206043F08003A381019BC4E904075BB116
:10D06000B4F90E10304600F03BF828B1A38923F044
:10D07000030343F00103A381A3891D43A581CFE7E7
:10D080001F2938B505460C4604D9162303604FF016
:10D09000FF3038BDC26B12B152F821304BB928466F
:10D0A00000F040F8224601462846BDE8384000F02E
:10D0B00027B8012B0AD0591C03D116230360012085
:10D0C000E7E7002142F82410204698470020E0E7D7
:10D0D000024B01461868FFF7D3BF00BF8C01002444
:10D0E00038B5064D0023044608462B60F5F79EFC34
:10D0F000431C02D12B6803B1236038BD0007002414
:10D1000038B5074D00230446084611462B60F5F755
:10D1100039FC431C02D12B6803B1236038BD00BF2A
:10D1200000070024F5F726BC38B5074D0023044658
:10D13000084611462B60F5F769FC431C02D12B68A9
:10D1400003B1236038BD00BF0007002408B52DEDF2
:10D15000028BB0EE408A00F0B3FAB4EE488AF1EEEA
:10D1600010FAF0EE408A15D6B0EE480A00F0A0FAA8
:10D17000F7EE007AB4EEE70AF1EE10FA0ADDFDF7F9
:10D18000DBFABDEC028B21230360BDE808400448B4
:10D19000FDF71ABBB0EE680ABDEC028B08BD00BFFC
:10D1A0008DDE000800F070BBC1F30A5240F2FE337E
:10D1B0009A4270B52ADD40F233439A4224DC9B1A2E
:10D1C000A3F120064FF0FF3202FA03F402FA06F64A
:10D1D000C3F1200522FA05F534432C439A4020EA96
:10D1E000020221EA04042243A3F12004C3F1200235
:10D1F0000CD1D84001FA02F31843E140084300F093
:10D200000100D0F1020070BD0220FCE70020FAE727
:10D210002DE9F04F10EE904A2DED0A8B4FEA14588D
:10D2200011EE90AA08F1FF3240F2FD739A4210EE1F
:10D23000105A11EE100A87B0C4464FEA1A5606D8A3
:10D24000C6F30A03A3F2BE337F2B40F257810218C4
:10D250004AEB0A016FF0010B571E41F1FF336FF4E7
:10D26000001EBB457EEB030342D252EA01034FF09E
:10D2700000030CD16D1984F400246441AB42A3F582
:10D280008013A341C0F08F80B7EE000B2BE0D44E8B
:10D29000B44208BF9D4209D100188AF4002A4AEB23
:10D2A0000A0A8342CF4B73EB0A03EBE76D19CE48B2
:10D2B0006441AB4270EB040675D3814208BF9A42C9
:10D2C00071D1CA4A944208BF9D42DDD094426FEAB0
:10D2D0000A0A34BF002401244FEADA7A544540F0A8
:10D2E000DC8121EE010B07B0BDEC0A8BBDE8F08FAD
:10D2F0006F1944EB04097A1E69F1000393457EEB34
:10D30000030325D220EE000B002C13DA5146FFF761
:10D310004BFF01280ED1B1EE400B57EA09090BD1A2
:10D32000BAF1000FDFDA07B0BDEC0A8BBDE8F04FB1
:10D3300000F07ABB0020F0E7BAF1000FD3DAB7EEC5
:10D34000006B86EE007B8DED007B9DED000BCAE748
:10D35000002C2BDA5146FFF727FF30B907B0BDECA0
:10D360000A8BBDE8F04F00F077BB411E48424841B0
:10D37000800424F00044C8F30A0CC6F30A02A2F2A7
:10D38000BE337F2B2DD9964B00209C4208BF85428F
:10D390003FF47AAF40F2BD318A420CD8B7EE000BB1
:10D3A000A842A34104D231EE000B9CE70020E4E741
:10D3B00030EE410B97E7012D74EB030340F2FF724F
:10D3C00034BF0123002396428CBF00260126B342BE
:10D3D00000F09C8007B0BDEC0A8BBDE8F04F00F078
:10D3E0001BBBBCF1000F0AD19FED797B20EE077BC0
:10D3F00053EC172B23F000441546A4F150747C4ADB
:10D40000BFEE006B2244131503EE103A794BC2F3C2
:10D4100046316FF3130203EB4116A71A03EB4112D7
:10D4200092ED125B96ED187B2E1E47EC146B92ED7D
:10D43000162BA4EE056B93ED005BB8EEC33BA3EE99
:10D44000052B93ED025B36EE024B32EE442BA3EE3E
:10D45000057B93ED045B32EE062B37EE027B26EE66
:10D46000055B26EE050B34EE008BB0EE409B34EEF0
:10D47000484B96EE059B34EE00AB93ED065B26EE33
:10D4800000BB37EE097B93ED084B37EE0A7B93ED3B
:10D490000C3BA6EE045B93ED0A4B93ED10CBA6EE8E
:10D4A000034B93ED0E3BA6EE0C3BA0EE034BA0EE20
:10D4B000045BABEE057B38EE074B21EE046B16EEFA
:10D4C000903AB0EE465BC3F30A566FF47272B2182C
:10D4D0003E2A91EE045B38EE448B38EE078BA1EECA
:10D4E000085B1BD9002A0BDAB7EE000B36EE000BF7
:10D4F00000283FF4F8AEB1EE400BF4E600207EE7E2
:10D50000B6F5816F09D9002BBFF664AF07B0BDEC4B
:10D510000A8BBDE8F04F00F077BA0026364991ED4E
:10D52000024B91ED003BB0EE447BA6EE037B17EE81
:10D53000105A37EE447B91ED044B05F07F03A7EEC4
:10D54000046B91ED064BDC1804F10F0301EBC404EE
:10D55000A7EE046B91ED0A3B35EE065B25EE056BFD
:10D5600094ED1C7B91ED084B35EE077B01EBC3027C
:10D57000A5EE034B91ED0E3BA6EE047B26EE066B6B
:10D5800091ED0C4B51F833C0D2F804E0A5EE034BFB
:10D590004019002717EB0C020EEB4033A6EE047B7C
:10D5A000002E75D1BD4229DB03F1404101F5700128
:10D5B000104641EC100BA7EE000B9FED077B20EE11
:10D5C000070B07B0BDEC0A8BBDE8F04F00F05CBA6A
:10D5D0000000000000003043000000000000007F59
:10D5E0000000F03F0000F0FF0000E0FF0000E07FDF
:10D5F000AB6A19C0E0E0000840F1000803F17F5178
:10D6000001F50011104641EC150BB7EE003B27EE7B
:10D61000056B35EE067BB0EEC74BB4EEC34BF1EEB7
:10D6200010FA9FED1F0B2AD5B5EEC07B35EE475B98
:10D63000F1EE10FA35EE065BBFEE004B58BFB0EED0
:10D64000434B37EE043B34EE436B36EE076B36EE5E
:10D65000056B36EE036B36EE447BB5EE407BF1EEA8
:10D6600010FA04D1324601F0004343EC172B8DED44
:10D67000020B9DED026B26EE006B8DED046B27EE29
:10D68000000B07B0BDEC0A8BBDE8F04F00F0F3B91A
:10D6900043EC102BA7EE000B25E69FED030B22E6D3
:10D6A000000000000000100000000000000000006A
:10D6B00010EE103A23F0004300EE103A70470000DD
:10D6C00038B510EE105A25F00044B4F17E5F2DED10
:10D6D000048B0CD1DFED5C7A9FED5C7A60EE277AEB
:10D6E000E0EE077AB0EE670ABDEC048B38BD04D9D2
:10D6F00070EE407A87EEA70AF6E7B4F17C5FF7EEAA
:10D70000008A0BD2B4F1485F52D2DFED517A70EE4D
:10D71000277AF4EEE87AF1EE10FAE5DCFFF7C8FFBD
:10D7200038EEC08AF6EE007A28EE278A9FED497A15
:10D73000DFED497A9FED499AA8EE277ADFED487A26
:10D74000E7EE087A9FED477AA7EE887ADFED467A12
:10D75000E7EE087A9FED457AA7EE889ADFED447AE6
:10D76000E8EE077A9FED437AA7EE887ADFED427AFA
:10D77000E7EE087AB0EE480AE7EE888A00F022F970
:10D780003E4B29EE089A9C4289EE286AF0EE006A28
:10D790003DD9A0EE060ADFED3A7AE0EE267A9FED5B
:10D7A0002B0A30EE670A002DD8BFB1EE400A9BE786
:10D7B00060EE007ADFED286A9FED267A9FED2B6AF6
:10D7C000A7EEA67ADFED266AE7EE276A9FED257AB7
:10D7D000A6EEA77ADFED246AE7EE276A9FED1F7AAF
:10D7E000A6EEA77ADFED226AE7EE866A9FED216A50
:10D7F000A6EEA76ADFED206AE6EE276A27EE277A13
:10D80000E6EEA78AC7EE287AA0EE270A6CE710EEAC
:10D81000103A6FF30B0307EE103AA7EE478A70EE4B
:10D82000005A30EE070ADFED087A88EE005A9FEDC5
:10D83000150AE5EE667AD5EE867AB0EE406AA7EE76
:10D84000666A77EEC67AACE72EBD3BB3DB0FC93F05
:10D85000CAF24971047F4F3A08EF1138ABAA2A3E49
:10D86000461124BDA80A4E3E90B0A6BE2EC69D3DD0
:10D87000613330BF2D57014039D119C09999793F93
:10D880002EBD3B33DB0F493F10EE902A22F00041C2
:10D89000B1F1FF4F10B5F0EE407A06D810EE100A45
:10D8A00020F00043B3F1FF4F04D977EEA07AB0EE39
:10D8B000670A10BDB2F17E5F03D1BDE8104000F0F1
:10D8C000F7B8941704F0020444EAD0743BB9022C70
:10D8D0005CD09FED337A032C47FE007AE7E739B935
:10D8E000DFED307A9FED307A002867FE277ADEE799
:10D8F000B1F1FF4F10D1B3F1FF4F04F1FF3407D165
:10D90000022C46D8294B03EB8403D3ED007ACEE7F3
:10D91000022C41D8264BF6E7B3F1FF4FE0D05B1A5B
:10D92000B3F1F45F4FEAE3511ADA002A01DA3C312D
:10D9300019DB87EEA00AFFF7BBFE00F0B9F8F0EEA6
:10D94000407A012C12D0022C17D0002CAFD09FEDC2
:10D95000197A77EE877A9FED187A77EEC77AA6E77D
:10D96000DFED117AEDE7DFED157AEAE717EE903A91
:10D9700003F1004307EE903A99E79FED0E7A77EEB8
:10D98000877A9FED0D7A77EE677A90E7DFED0A7A76
:10D990008DE7DFED0B7A8AE7DFED087A87E700BFD6
:10D9A000DB0F49C0DB0FC9BFDB0FC93F34F10008F3
:10D9B00028F100082EBDBB33DB0F494000000000FA
:10D9C000DB0F493FB1EEC00A704710B52DED028B59
:10D9D000B0EE408B0446FCF7AFFEB0EE480BBDEC5A
:10D9E000028B046010BD82B058B1B1EE407B8DED6A
:10D9F000007B9DED007B222020EE070B02B0FFF79D
:10DA0000E4BFB0EE407BF2E79FED010BFFF7EBBF09
:10DA100000000000000000109FED010BFFF7E3BFC6
:10DA2000000000000000007082B00028BFEE006B14
:10DA3000B7EE007B07FE067B8DED007B9DED000BB6
:10DA40009FED037B222080EE070B02B0FFF7BDBFE6
:10DA50000000000000000000B0EE407BB4EE477B09
:10DA6000F1EE10FA30EE406B86EE060B02D6212066
:10DA7000FFF7ABBF7047B5EE400BF1EE10FA02D1E5
:10DA80002220FFF7A2BF70479FED076BB0EEC07B6F
:10DA9000B4EE467BF1EE10FA02DD2220FFF795BFCF
:10DAA000704700BFAFF30080FFFFFFFFFFFFEF7F76
:10DAB00038B510EE105A25F00044B4F1A14FF0EE45
:10DAC000407A0FD3B4F1FF4F04D970EE007AB0EE74
:10DAD000670A38BDDFED4D7A9FED4D7A002D77FE58
:10DAE000277AF4E74B4B9C4210D8B4F1445F0AD23A
:10DAF0009FED497A30EE077AF7EE006AB4EEE67AE7
:10DB0000F1EE10FAE3DC4FF0FF3313E0FFF7D0FD46
:10DB1000424B9C424FD8A3F5D0039C4241D8F0EE33
:10DB2000007ABFEE007AA0EE277A002330EE270AB3
:10DB3000C7EE007A5A1C27EEA76A9FED397ADFED0F
:10DB4000395A9FED395A66EE066AE6EE875A9FED1E
:10DB5000377AA5EEA67ADFED365AE7EE265A9FED24
:10DB6000357AA5EEA67ADFED345AE7EE265A9FED18
:10DB7000337AA6EE875A9FED327AA5EE267A9FED8C
:10DB8000315AA7EE265A9FED307AA5EE267A27EE77
:10DB9000267AA5EE867A27EE877A21D177EEC77AA4
:10DBA00095E7F7EE007A30EE677A30EE270A012328
:10DBB000C7EE007ABEE7254B9C420BD8F7EE087AF9
:10DBC000B7EE007AA0EE277A022370EE676AC6EEFF
:10DBD000877AAFE7BFEE007AC7EE007A0323A9E7A2
:10DBE0001B4A1C4902EB830201EB8303D3ED006A5D
:10DBF00037EE667A002D37EE677AD2ED007A77EE4F
:10DC0000C77AB8BFF1EE677A61E700BFDB0FC9BF23
:10DC1000DB0FC93FFFFFDF3ECAF24971FFFF973FAD
:10DC2000D769853C59DA4B3D6BF16EBD356B883D4C
:10DC30006E2EBA3D2549123EABAAAA3E21A215BDC1
:10DC400095879DBD388EE3BDCDCC4CBEFFFF1B40FC
:10DC5000C0F90008B0F90008F8B500BFF8BC08BC6E
:10DC60009E467047F8B500BFF8BC08BC9E4670479A
:10DC7000252E34662C252E34662C252E34660A007B
:10DC80000000000001020304010203040607080962
:10DC9000010002000400060008000A000C00100049
:10DCA0002000400080000001010101030701000085
:10DCB0000804020408010101494E4600696E66002D
:10DCC0004E414E006E616E003000303132333435DB
:10DCD00036373839414243444546003031323334D7
:10DCE00035363738396162636465660065256C6472
:10DCF000002E004300504F53495800496E66696E2C
:10DD0000697479004E614E005245454E54206D6154
:10DD10006C6C6F6320737563636565646564002F65
:10DD20006275696C642F676E752D746F6F6C732DDF
:10DD3000666F722D73746D33325F31332E332E72F2
:10DD4000656C312E32303234303932362D31373144
:10DD5000352F7372632F6E65776C69622F6E6577EE
:10DD60006C69622F6C6962632F7374646C69622FD3
:10DD700064746F612E630042616C6C6F6320737515
:10DD800063636565646564002F6275696C642F6701
:10DD90006E752D746F6F6C732D666F722D73746D4D
:10DDA00033325F31332E332E72656C312E32303286
:10DDB00034303932362D313731352F7372632F6E4F
:10DDC00065776C69622F6E65776C69622F6C69622A
:10DDD000632F7374646C69622F6764746F612D675D
:10DDE00065746865782E6300232D302B2000686CE5
:10DDF0004C00656667454647002F6275696C642F65
:10DE0000676E752D746F6F6C732D666F722D7374E2
:10DE10006D33325F31332E332E72656C312E3230DA
:10DE20003234303932362D313731352F7372632F1A
:10DE30006E65776C69622F6E65776C69622F6C69AD
:10DE400062632F7374646C69622F6D707265632EE8
:10DE500063002C2066756E6374696F6E3A200061F2
:10DE60007373657274696F6E202225732220666158
:10DE7000696C65643A2066696C6520222573222CE2
:10DE8000206C696E65202564257325730A000000E7
:10DE900034000000CEFBFFFFCB03000001000000B8
:10DEA0000000000035000000CEFBFFFFCB030000A8
:10DEB0000100000000000000BC89D897B2D29C3C51
:10DEC00033A7A8D523F649393DA7F444FD0FA53261
:10DED0009D978CCF08BA5B25436FAC642806681108
:10DEE000002020202020202020202828282828202A
:10DEF0002020202020202020202020202020202022
:10DF00002088101010101010101010101010101089
:10DF10001004040404040404040404101010101079
:10DF20001010414141414141010101010101010143
:10DF30000101010101010101010101011010101095
:10DF40001010424242424242020202020202020215
:10DF50000202020202020202020202021010101069
:10DF60002000000000000000000000000000000091
:10DF700000000000000000000000000000000000A1
:10DF80000000000000000000000000000000000091
:10DF90000000000000000000000000000000000081
:10DFA0000000000000000000000000000000000071
:10DFB0000000000000000000000000000000000061
:10DFC0000000000000000000000000000000000051
:10DFD0000000000000000000000000000000000041
:10DFE0000000000005000000190000007D00000096
:10DFF0000080E03779C34143176E05B5B5B8934645
:10E00000F5F93FE9034F384D321D30F94877825A10
:10E010003CBF737FDD4F1575000000000000F03F2E
:10E0200000000000000024400000000000005940F3
:10E030000000000000408F40000000000088C34046
:10E0400000000000006AF8400000000080842E41BB
:10E0500000000000D01263410000000084D7974107
:10E060000000000065CDCD41000000205FA002420D
:10E07000000000E876483742000000A2941A6D4282
:10E08000000040E59C30A2420000901EC4BCD64275
:10E0900000003426F56B0C430080E03779C3414320
:10E0A00000A0D8855734764300C84E676DC1AB4396
:10E0B000003D9160E458E143408CB5781DAF1544B4
:10E0C00050EFE2D6E41A4B4492D54D06CFF080448F
:10E0D000F64AE1C7022DB544B49DD9794378EA44A4
:10E0E0000038FAFE422EE63F3067C79357F32E3DC5
:10E0F000000000000000E0BF605555555555E5BFD4
:10E10000060000000000E03F4E5559999999E93FFB
:10E110007AA429555555E5BFE945489B5B49F2BFAF
:10E12000C33F268B2B00F03F0000000000A0F63F0D
:10E13000000000000000000000C8B9F2822CD6BF29
:10E140008056372824B4FA3C000000000080F63FD7
:10E150000000000000000000000858BFBDD1D5BF7E
:10E1600020F7E0D808A51CBD000000000060F63FC5
:10E170000000000000000000005845177776D5BF6A
:10E180006D50B6D5A46223BD000000000040F63FEC
:10E19000000000000000000000F82D87AD1AD5BF78
:10E1A000D567B09EE484E6BC000000000020F63F86
:10E1B0000000000000000000007877955FBED4BF2B
:10E1C000E03E2993691B04BD000000000000F63FFB
:10E1D000000000000000000000601CC28B61D4BF82
:10E1E000CC844C482FD8133D0000000000E0F53FE0
:10E1F000000000000000000000A886863004D4BFA4
:10E200003A0B82EDF342DC3C0000000000C0F53F19
:10E210000000000000000000004869554CA6D3BF74
:10E2200060945186C6B1203D0000000000A0F53F7B
:10E2300000000000000000000080989ADD47D3BF76
:10E240009280C5D44D59253D000000000080F53F67
:10E2500000000000000000000020E1BAE2E8D2BFA8
:10E26000D82BB7991E7B263D000000000060F53FCB
:10E2700000000000000000000088DE135A89D2BFB1
:10E280003FB0CFB614CA153D000000000060F53F56
:10E2900000000000000000000088DE135A89D2BF91
:10E2A0003FB0CFB614CA153D000000000040F53F56
:10E2B00000000000000000000078CFFB4129D2BF21
:10E2C00076DA5328245A16BD000000000020F53FDE
:10E2D0000000000000000000009869C198C8D1BF8C
:10E2E0000454E768BCAF1FBD000000000000F53F0C
:10E2F000000000000000000000A8ABAB5C67D1BFCD
:10E30000F0A88233C61F1F3D0000000000E0F43F6C
:10E3100000000000000000000048AEF98B05D1BFEE
:10E32000665A05FDC4A826BD0000000000C0F43FE9
:10E330000000000000000000009073E224A3D0BFA2
:10E340000E03F47EEE6B0CBD0000000000A0F43F55
:10E35000000000000000000000D0B4942540D0BFB1
:10E360007F2DF49EB836F0BC0000000000A0F43F02
:10E37000000000000000000000D0B4942540D0BF91
:10E380007F2DF49EB836F0BC000000000080F43F02
:10E39000000000000000000000405E6D18B9CFBF13
:10E3A000873C99AB2A570D3D000000000060F43F08
:10E3B00000000000000000000060DCCBADF0CEBF2C
:10E3C00024AF869CB7262B3D000000000040F43FA0
:10E3D000000000000000000000F02A6E0727CEBFFA
:10E3E00010FF3F544F2F17BD000000000020F43FE6
:10E3F000000000000000000000C04F6B215CCDBF9A
:10E400001B68CABB91BA213D000000000000F43F28
:10E41000000000000000000000A09AC7F78FCCBFEA
:10E4200034849F684F79273D000000000000F43FCE
:10E43000000000000000000000A09AC7F78FCCBFCA
:10E4400034849F684F79273D0000000000E0F33FCF
:10E45000000000000000000000902D7486C2CBBFB9
:10E460008FB78B31B04E193D0000000000C0F33F64
:10E47000000000000000000000C0804EC9F3CABFC9
:10E480006690CD3F634EBA3C0000000000A0F33F11
:10E49000000000000000000000B0E21FBC23CABF63
:10E4A000EAC146DC648C25BD0000000000A0F33FFB
:10E4B000000000000000000000B0E21FBC23CABF43
:10E4C000EAC146DC648C25BD000000000080F33FFB
:10E4D00000000000000000000050F49C5A52C9BF28
:10E4E000E3D4C104D9D12ABD000000000060F33F8D
:10E4F000000000000000000000D02065A07FC8BF21
:10E5000009FADB7FBFBD2B3D000000000040F33F58
:10E51000000000000000000000E0100289ABC7BF4F
:10E52000584A537290DB2B3D000000000040F33F3F
:10E53000000000000000000000E0100289ABC7BF2F
:10E54000584A537290DB2B3D000000000020F33F3F
:10E55000000000000000000000D019E70FD6C6BF81
:10E5600066E2B2A36AE410BD000000000000F33FC1
:10E5700000000000000000000090A77030FFC5BF41
:10E580003950109F439E1EBD000000000000F33F65
:10E5900000000000000000000090A77030FFC5BF21
:10E5A0003950109F439E1EBD0000000000E0F23F66
:10E5B000000000000000000000B0A1E3E526C5BF98
:10E5C0008F5B07908BDE20BD0000000000C0F23F93
:10E5D00000000000000000000080CB6C2B4DC4BF89
:10E5E0003C783561C10C173D0000000000C0F23FCF
:10E5F00000000000000000000080CB6C2B4DC4BF69
:10E600003C783561C10C173D0000000000A0F23FCE
:10E61000000000000000000000901E20FC71C3BF3D
:10E620003A54274D8678F13C000000000080F23F0C
:10E63000000000000000000000F01FF85295C2BF6B
:10E6400008C47117308D24BD000000000060F23F47
:10E65000000000000000000000602FD52AB7C1BFF5
:10E6600096A31118A4802EBD000000000060F23FA8
:10E67000000000000000000000602FD52AB7C1BFD5
:10E6800096A31118A4802EBD000000000040F23FA8
:10E6900000000000000000000090D07C7ED7C0BFCA
:10E6A000F45BE88896690A3D000000000040F23FF4
:10E6B00000000000000000000090D07C7ED7C0BFAA
:10E6C000F45BE88896690A3D000000000020F23FF4
:10E6D000000000000000000000E0DB3191ECBFBF53
:10E6E000F233A35C547525BD000000000000F23F2A
:10E6F000000000000000000000002B6E0727BEBFD6
:10E700003C00F02A2C342A3D000000000000F23FBB
:10E71000000000000000000000002B6E0727BEBFB5
:10E720003C00F02A2C342A3D0000000000E0F13FBC
:10E73000000000000000000000C05B8F545EBCBF02
:10E7400006BE5F58570C1DBD0000000000C0F13F21
:10E75000000000000000000000E04A3A6D92BABFDD
:10E76000C8AA5BE83539253D0000000000C0F13F34
:10E77000000000000000000000E04A3A6D92BABFBD
:10E78000C8AA5BE83539253D0000000000A0F13F34
:10E79000000000000000000000A031D645C3B8BF53
:10E7A00068562F4D297C133D0000000000A0F13F6A
:10E7B000000000000000000000A031D645C3B8BF33
:10E7C00068562F4D297C133D000000000080F13F6A
:10E7D00000000000000000000060E58AD2F0B6BF33
:10E7E000DA7333C9379726BD000000000060F13F9F
:10E7F00000000000000000000020063F071BB5BF1E
:10E80000575EC6615B021F3D000000000060F13FE3
:10E8100000000000000000000020063F071BB5BFFD
:10E82000575EC6615B021F3D000000000040F13FE3
:10E83000000000000000000000E01B96D741B3BFBD
:10E84000DF13F9CCDA5E2C3D000000000040F13F00
:10E85000000000000000000000E01B96D741B3BF9D
:10E86000DF13F9CCDA5E2C3D000000000020F13F00
:10E8700000000000000000000080A3EE3665B1BF7C
:10E8800009A38F765E7C143D000000000000F13F7C
:10E890000000000000000000008011C0300AAFBF7F
:10E8A000918E36839E592D3D000000000000F13FFF
:10E8B0000000000000000000008011C0300AAFBF5F
:10E8C000918E36839E592D3D0000000000E0F03F00
:10E8D000000000000000000000801971DD42ABBFA5
:10E8E0004C70D6E57A821C3D0000000000E0F03F4D
:10E8F000000000000000000000801971DD42ABBF85
:10E900004C70D6E57A821C3D0000000000C0F03F4C
:10E91000000000000000000000C032F65874A7BFDD
:10E92000EEA1F23446FC2CBD0000000000C0F03F18
:10E93000000000000000000000C032F65874A7BFBD
:10E94000EEA1F23446FC2CBD0000000000A0F03F18
:10E95000000000000000000000C0FEB9879EA3BFB9
:10E96000AAFE26F5B702F53C0000000000A0F03F2B
:10E97000000000000000000000C0FEB9879EA3BF99
:10E98000AAFE26F5B702F53C000000000080F03F2B
:10E9900000000000000000000000780E9B829FBF76
:10E9A000E4097E7C268029BD000000000080F03F45
:10E9B00000000000000000000000780E9B829FBF56
:10E9C000E4097E7C268029BD000000000060F03F45
:10E9D00000000000000000000080D5071BB997BFB1
:10E9E00039A6FA93548D28BD000000000040F03F86
:10E9F00000000000000000000000FCB0A8C08FBFB5
:10EA00009CA6D3F67C1EDFBC000000000040F03F57
:10EA100000000000000000000000FCB0A8C08FBF94
:10EA20009CA6D3F67C1EDFBC000000000020F03F57
:10EA300000000000000000000000106B2AE07FBF13
:10EA4000E440DA0D3FE219BD000000000020F03F75
:10EA500000000000000000000000106B2AE07FBFF3
:10EA6000E440DA0D3FE219BD000000000000F03F75
:10EA70000000000000000000000000000000000096
:10EA80000000000000000000000000000000F03F57
:10EA90000000000000000000000000000000000076
:10EAA00000000000000000000000000000C0EF3F78
:10EAB0000000000000000000000089751510803F74
:10EAC000E82B9D996BC710BD000000000080EF3F50
:10EAD0000000000000000000008093585620903F86
:10EAE000D2F7E2065BDC23BD000000000040EF3FF0
:10EAF00000000000000000000000C9282549983FE0
:10EB0000340C5A32BAA02ABD000000000000EF3FCA
:10EB100000000000000000000040E7895D41A03FC8
:10EB200053D7F15CC011013D0000000000C0EE3F72
:10EB3000000000000000000000002ED4AE66A43FDC
:10EB400028FDBD7573162CBD000000000080EE3F4F
:10EB5000000000000000000000C09F14AA94A83F1D
:10EB60007D265AD0957919BD000000000040EE3F87
:10EB7000000000000000000000C0DDCD73CBAC3F02
:10EB80000728D847F2681ABD000000000020EE3FB9
:10EB9000000000000000000000C006C031EAAE3FE7
:10EBA0007B3BC94F3E110EBD0000000000E0ED3F71
:10EBB0000000000000000000006046D13B97B13F1C
:10EBC0009B9E0D565D3225BD0000000000A0ED3F6C
:10EBD000000000000000000000E0D1A7F5BDB33F39
:10EBE000D74EDBA55EC82C3D000000000060ED3F65
:10EBF000000000000000000000A0974D5AE9B53F5A
:10EC00001E1D5D3C06692CBD000000000040ED3F6C
:10EC1000000000000000000000C0EA0AD300B73F77
:10EC200032ED9DA98D1EEC3C000000000000ED3F80
:10EC300000000000000000000040595D5E33B93F55
:10EC4000DA47BD3A5C11233D0000000000C0EC3FF4
:10EC500000000000000000000060AD8DC86ABB3FEE
:10EC6000E568F72B809013BD0000000000A0EC3F8A
:10EC700000000000000000000040BC015888BC3FBC
:10EC8000D3AC5AC6D146263D000000000060EC3FE0
:10EC9000000000000000000000200A8339C7BE3FCA
:10ECA000E045E6AF68C02DBD000000000040EC3F2D
:10ECB000000000000000000000E0DB3991E8BF3FE9
:10ECC000FD0AA14FD63425BD000000000000EC3F36
:10ECD000000000000000000000E027828E17C13F06
:10ECE000F2072DCE78EF213D0000000000E0EB3F61
:10ECF000000000000000000000F0237E2BAAC13FAE
:10ED0000349938448EA72C3D0000000000A0EB3F52
:10ED100000000000000000000080860C61D1C23FAE
:10ED2000A1B481CB6C9D033D000000000080EB3F4F
:10ED30000000000000000000009015B0FC65C33F1B
:10ED400089724B23A82FC63C000000000040EB3F17
:10ED5000000000000000000000B033833D91C43F7C
:10ED600078B6FD547983253D000000000020EB3F7C
:10ED7000000000000000000000B0A1E4E527C53F4E
:10ED8000C77D69E5E833263D0000000000E0EA3F6A
:10ED9000000000000000000000108CBE4E57C63F6F
:10EDA000782E3C2C8BCF193D0000000000C0EA3FBC
:10EDB00000000000000000000070758B12F0C63FDC
:10EDC000E1219CE58D1125BD0000000000A0EA3F77
:10EDD0000000000000000000005044858D89C73FFE
:10EDE0000543917010661CBD000000000060EA3F02
:10EDF0000000000000000000000039EBAFBEC83F7B
:10EE0000D12CE9AA543D07BD000000000040EA3FB4
:10EE100000000000000000000000F7DC5A5AC93F63
:10EE20006FFFA05828F2073D000000000000EA3FF5
:10EE3000000000000000000000E08A3CED93CA3FA3
:10EE400069215650437228BD0000000000E0E93FF0
:10EE5000000000000000000000D05B57D831CB3F1D
:10EE6000AAE1AC4E8D350CBD0000000000C0E93FAA
:10EE7000000000000000000000E03B3887D0CB3FDE
:10EE8000B6125459C44B2DBD0000000000A0E93F4C
:10EE900000000000000000000010F0C6FB6FCC3F37
:10EEA000D22B96C572ECF1BC000000000060E93F77
:10EEB00000000000000000000090D4B03DB1CD3F44
:10EEC00035B015F72AFF2ABD000000000040E93FD9
:10EED00000000000000000000010E7FF0E53CE3FCE
:10EEE00030F441602712C23C000000000020E93FDE
:10EEF00000000000000000000000DDE4ADF5CE3FA2
:10EF0000118EBB651521CABC000000000000E93F5E
:10EF1000000000000000000000B0B36C1C99CF3F5F
:10EF200030DF0CCAECCB1B3D0000000000C0E83F06
:10EF3000000000000000000000584D603871D03F14
:10EF4000914EED16DB9CF83C0000000000A0E83F6D
:10EF50000000000000000000006061672DC4D03F89
:10EF6000E9EA3C168B18273D000000000080E83FCE
:10EF7000000000000000000000E827828E17D13F4B
:10EF80001CF0A5630E212CBD000000000060E83FCE
:10EF9000000000000000000000F8ACCB5C6BD13F2B
:10EFA0008116A5F7CD9A2B3D000000000040E83FF8
:10EFB000000000000000000000685A6399BFD13FC4
:10EFC000B7BD4751EDA62C3D000000000020E83FF2
:10EFD000000000000000000000B80E6D4514D23F94
:10EFE000EABA46BADE870A3D0000000000E0E73FCB
:10EFF00000000000000000000090DC7CF0BED23F6A
:10F00000F404504AFA9C2A3D0000000000C0E73F8B
:10F0100000000000000000000060D3E1F114D33FC5
:10F02000B83C21D37AE228BD0000000000A0E73FF1
:10F0300000000000000000000010BE76676BD33FA8
:10F04000C877F1B0CD6E113D000000000080E73FB1
:10F0500000000000000000000030337752C2D33FB0
:10F060005CBD06B6543B183D000000000060E73F61
:10F07000000000000000000000E8D523B419D43FD0
:10F080009DE090EC36E4083D000000000040E73FC2
:10F09000000000000000000000C871C28D71D43F64
:10F0A00075D66709CE272FBD000000000020E73F7E
:10F0B00000000000000000000030179EE0C9D43FAF
:10F0C000A4D80A1B89202EBD000000000000E73FE5
:10F0D000000000000000000000A03807AE22D53F6D
:10F0E00059C7648170BE2E3D0000000000E0E63F7D
:10F0F000000000000000000000D0C853F77BD53F9F
:10F10000EF405DEEEDAD1F3D0000000000C0E63FAA
:10F110000000000000000000006059DFBDD5D53FB1
:10F12000DC65A4082A0B0ABD00000080DB0F494003
:10F13000DB0F49C0DB0F49BFE4CB1640E4CB16C060
:10F14000FE822B6547156740000000000000384331
:10F150000000FAFE422E76BF3A3B9EBC9AF70CBDE9
:10F16000BDFDFFFFFFFFDF3F3C5455555555C53FE3
:10F17000912B17CF5555A53F17D0A4671111813F8B
:10F18000000000000000C842EF39FAFE422EE63FC0
:10F1900024C482FFBDBFCE3FB5F40CD7086BAC3F93
:10F1A000CC5046D2ABB2833F843A4E9BE0D7553F1A
:10F1B0000000000000000000000000000000F03F20
:10F1C0006EBF881A4F3B9B3C3533FBA93DF6EF3FA2
:10F1D0005DDCD89C136071BC6180773E9AECEF3F98
:10F1E000D16687107A5E90BC857F6EE815E3EF3FAD
:10F1F00013F6673552D28C3C748515D3B0D9EF3FE6
:10F20000FA8EF92380CE8BBCDEF6DD296BD0EF3F82
:10F2100061C8E6614EF7603CC89B751845C7EF3F73
:10F2200099D3335BE4A3903C83F3C6CA3EBEEF3F61
:10F230006D7B835DA69A973C0F89F96C58B5EF3FBB
:10F24000FCEFFD921AB58E3CF747722B92ACEF3F64
:10F25000D19C2F703DBE3E3CA2D1D332ECA3EF3FF8
:10F260000B6E908934036ABC1BD3FEAF669BEF3FE5
:10F270000EBD2F2A525695BC515B12D00193EF3F21
:10F2800055EA4E8CEF8050BCCC316CC0BD8AEF3F4C
:10F2900016F4D5B923C991BCE02DA9AE9A82EF3FEF
:10F2A000AF555CE9E3D3803C518EA5C8987AEF3F17
:10F2B0004893A5EA151B80BC7B517D3CB872EF3F9B
:10F2C0003D32DE55F01F8FBCEA8D8C38F96AEF3F76
:10F2D000BF53133F8C898B3C75CB6FEB5B63EF3F68
:10F2E00026EB11769CD996BCD45C0484E05BEF3F9E
:10F2F000602F3A3EF7EC9A3CAAB968318754EF3F49
:10F300009D3886CB82E78FBC1DD9FC22504DEF3F44
:10F310008DC3A644416F8A3CD68C62883B46EF3F42
:10F320007D04E4B0057A803C96DC7D91493FEF3F57
:10F3300094A8A8E3FD8E963C3862756E7A38EF3F4C
:10F340007D4874F2185E873C3FA6B24FCE31EF3F46
:10F35000F2E71F982B47803CDD7CE265452BEF3FB1
:10F360005E08713F7BB896BC8163F5E1DF24EF3F17
:10F3700031AB096DE1F7823CE1DE1FF59D1EEF3FE9
:10F38000FABF6F1A9B213DBC90D9DAD07F18EF3FAE
:10F39000B40A0C7282378B3C0B03E4A68512EF3F54
:10F3A0008FCBCE8992146E3C562F3EA9AF0CEF3F07
:10F3B000B6ABB04D754D833C15B7310AFE06EF3F35
:10F3C0004C74ACE20142863C31D84CFC7001EF3FFA
:10F3D0004AF8D35D39DD8F3CFF1664B208FCEE3F7E
:10F3E000045B8E3B80A386BCF19F925FC5F6EE3F27
:10F3F00068504BCCED4A92BCCBA93A37A7F1EE3F0F
:10F400008E2D511BF80799BC66D8056DAEECEE3F0A
:10F41000D236943EE8D171BCF79FE534DBE7EE3F8E
:10F42000151BCEB3191999BCE5A813C32DE3EE3F04
:10F430006D4C2AA7489F853C2234124CA6DEEE3F35
:10F440008A69287A601293BC1C80AC0445DAEE3FCE
:10F450005B8917488FA758BC2A2EF7210AD6EE3FA2
:10F460001B9A49679B2C7CBC97A850D9F5D1EE3FDD
:10F4700011ACC260ED63433C2D89616008CEEE3F64
:10F48000EF64063B0966963C57001DED41CAEE3F0E
:10F490007903A1DAE1CC6E3CD03CC1B5A2C6EE3F07
:10F4A00030120F3F8EFF933CDED3D7F02AC3EE3FDE
:10F4B000B0AF7ABBCE90763C272A36D5DABFEE3F86
:10F4C00077E054EBBD1D933C0DDDFD99B2BCEE3FE2
:10F4D0008EA3710034948FBCA72C9D76B2B9EE3FF9
:10F4E00049A393DCCCDE87BC4266CFA2DAB6EE3FFE
:10F4F0005F380FBDC6DE78BC824F9D562BB4EE3F01
:10F50000F65C7BEC461286BC0F925DCAA4B1EE3F5E
:10F510008ED7FD180535933CDA27B53647AFEE3F59
:10F52000059B8A2FB7987B3CFDC797D412ADEE3F61
:10F5300009541CE2E163903C295448DD07ABEE3FDF
:10F54000EAC6195085C7343CB746598A26A9EE3F0A
:10F5500035C0642BE632943C4821AD156FA7EE3FD1
:10F560009F7699614AE48CBC09DC76B9E1A5EE3F4F
:10F57000A84DEF3BC5338CBC85553AB07EA4EE3F19
:10F58000AEE92B89785384BC20C3CC3446A3EE3F2C
:10F5900058585678DDCE93BC2522558238A2EE3FCE
:10F5A00064197E80AA10573C73A94CD455A1EE3F34
:10F5B00028225EBFEFB393BCCD3B7F669EA0EE3F9B
:10F5C00082B93487AD126ABCBFDA0B7512A0EE3F68
:10F5D000EEA96DB8EF6763BC2F1A653CB29FEE3F92
:10F5E0005188E0543DDC80BC849451F97D9FEE3F0E
:10F5F000CF3E5A7E641F78BC745FECE8759FEE3F87
:10F60000B07D8BC04AEE86BC7481A5489A9FEE3FC0
:10F610008AE6551E321986BCC9674256EB9FEE3FFB
:10F62000D3D4095ECB9C903C3F5DDE4F69A0EE3F9A
:10F630001DA54DB9DC327BBC8701EB7314A1EE3FF5
:10F640006BC06754FDEC943C32C13001EDA1EE3F3C
:10F65000556CD6ABE1EB653C624ECF36F3A2EE3F84
:10F6600042CFB32FC5A188BC121A3E5427A4EE3F47
:10F6700034373BF1B66993BC13CE4C9989A5EE3F64
:10F680001EFF193A845E80BCADC723461AA7EE3F21
:10F690006E5772D850D494BCED92449BD9A8EE3FDB
:10F6A000008A0E5B67AD903C99668AD9C7AAEE3F87
:10F6B000B4EAF0C12FB78D3CDBA02A42E5ACEE3FA7
:10F6C000FFE7C59C60B665BC8C44B51632AFEE3F13
:10F6D000445FF35983F67B3C36771599AEB1EE3F24
:10F6E000833D1EA71F0993BCC6FF910B5BB4EE3F81
:10F6F000291E6C8BB8A95DBCE5C5CDB037B7EE3F10
:10F7000059B9907CF9236CBC0F52C8CB44BAEE3F78
:10F71000AAF9F422434392BC504EDE9F82BDEE3FD5
:10F720004B8E66D76CCA85BCBA07CA70F1C0EE3F73
:10F7300027CE912BFCAF713C90F0A38291C4EE3F99
:10F74000BB730AE135D26D3C2323E31963C8EE3F56
:10F750006322622204C587BC65E55D7B66CCEE3F13
:10F76000D531E2E3861C8B3C332D4AEC9BD0EE3F37
:10F7700015BBBCD3D1BB91BC5D253EB203D5EE3FDA
:10F78000D231EE9C31CC903C58B330139ED9EE3F31
:10F79000B35A736E8469843CBFFD79556BDEEE3FCE
:10F7A000B49D8E97CDDF82BC7AF3D3BF6BE3EE3F7F
:10F7B0008733CB92771A8C3CADD35A999FE8EE3FB2
:10F7C000FAD9D14A8F7B90BC66B68D2907EEEE3F01
:10F7D000BAAEDC56D9C355BCFB154FB8A2F3EE3F09
:10F7E00040F6A63D0EA490BC3A59E58D72F9EE3F65
:10F7F0003493AD38F4D668BC475EFBF276FFEE3F3B
:10F80000358A586BE2EE91BC4A06A130B005EF3F55
:10F81000CDDD5F0AD7FF743CD2C14B901E0CEF3F89
:10F82000AC9892FAFBBD91BC091ED75BC212EF3FA8
:10F83000B30CAF30AE6E733C9C5285DD9B19EF3F2D
:10F8400094FD9F5C32E38E3C7AD0FF5FAB20EF3FAC
:10F85000AC5909D18FE0843C4BD1572EF127EF3FB3
:10F86000671A4E38AFCD633CB5E706946D2FEF3F76
:10F870006819926C2C6B673C6990EFDC2037EF3F86
:10F88000D2B5CC83188A80BCFAC35D550B3FEF3FDD
:10F890006FFAFF3F5DAD8FBC7C89074A2D47EF3F74
:10F8A00049A97538AE0D90BCF2890D08874FEF3F1E
:10F8B000A7073DA685A3743C87A4FBDC1858EF3F3F
:10F8C0000F2240209E9182BC9883C916E360EF3FCF
:10F8D000AC92C1D5505A8E3C8532DB03E669EF3FCE
:10F8E0004B6B01AC593A843C60B401F32173EF3F98
:10F8F0001F3EB40721D582BC5F9B7B33977CEF3FD3
:10F90000C90D473BB92A89BC29A1F5144686EF3FAA
:10F91000D3883A6004B6743CF63F8BE72E90EF3FF5
:10F9200071729D51ECC5833C834CC7FB519AEF3FEC
:10F93000F091D38F12F78FBCDA90A4A2AFA4EF3F5F
:10F940007D7423E298AE8DBCF1678E2D48AFEF3FFA
:10F950000820AA41BCC38E3C275A61EE1BBAEF3F78
:10F9600032EBA9C3942B843C97BA6B372BC5EF3F7E
:10F97000EE85D131A9648A3C40456E5B76D0EF3F7D
:10F98000EDE33BE4BA378EBC14BE9CADFDDBEF3F2C
:10F990009DCD914D3B89773CD8909E81C1E7EF3F4B
:10F9A00089CC6041C105533CF1718F2BC2F3EF3F0D
:10F9B0006937AC3168212233B40F14336821A23384
:10F9C0003863ED3EDA0F493F5E987B3FDA0FC93F5F
:08F9D0001009FF7F0100000097
:04F9D800C50200085C
:04F9DC00A10200087C
:10F9E0000000E0400090D0030090D0031000000021
:10F9F000010000000000000003000000B805002422
:10FA000043000000000000000000000000000000B3
:10FA100000000000000000000000000000000000E6
:10FA20004300000000000000000000000000000093
:10FA300000000000000000000000000000000000C6
:10FA40004300000000000000000000000000000073
:10FA500000000000000000000000000000000000A6
:10FA60004300000000000000000000000000000053
:10FA70000000000000000000000000000000000086
:10FA80004300000000000000000000000000000033
:10FA90000000000000000000000000000000000066
:10FAA0004300000000000000000000000000000013
:10FAB0000000000000000000000000000000000046
:10FAC00043000000000000000000000000000000F3
:10FAD0000000000000000000000000000000000026
:10FAE000DDC9000819BE000800000000E0DE0008C3
:10FAF000F1DC00088DDE00088DDE00088DDE0008D8
:10FB00008DDE00088DDE00088DDE00088DDE000829
:10FB10008DDE00088DDE0008FFFFFFFFFFFFFFFF07
:10FB2000FFFFFFFFFFFF0000010041534349490071
:10FB300000000000000000000000000000000000C5
:10FB4000000000000000000000004153434949004C
:10FB500000000000000000000000000000000000A5
:10FB600000000000000000000000000090010024E0
:10FB700000000000B80500242006002488060024A8
:10FB80000000000000000000000000000000000075
:10FB90000000000000000000000000000000000065
:10FBA0000000000000000000000000000000000055
:0CFBB00000000000000000000000000049
:0400000508002BD9EB
:00000001FF
